,time,open,high,low,close,vol,date
0,1636502400000,66947.67,69000.0,62822.9,64882.43,65171.504046,2021-11-10
1,1636588800000,64882.42,65600.07,64100.0,64774.26,37237.98058,2021-11-11
2,1636675200000,64774.25,65450.7,62278.0,64122.23,44490.10816,2021-11-12
3,1636761600000,64122.22,65000.0,63360.22,64380.0,22504.97383,2021-11-13
4,1636848000000,64380.01,65550.51,63576.27,65519.1,25705.07347,2021-11-14
5,1636934400000,65519.11,66401.82,63400.0,63606.74,37829.37124,2021-11-15
6,1637020800000,63606.73,63617.31,58574.07,60058.87,77455.15609,2021-11-16
7,1637107200000,60058.87,60840.23,58373.0,60344.87,46289.38491,2021-11-17
8,1637193600000,60344.86,60976.0,56474.26,56891.62,62146.99931,2021-11-18
9,1637280000000,56891.62,58320.0,55600.0,58052.24,50715.88726,2021-11-19
10,1637366400000,58057.1,59845.0,57353.0,59707.51,33811.5901,2021-11-20
11,1637452800000,59707.52,60029.76,58486.65,58622.02,31902.22785,2021-11-21
12,1637539200000,58617.7,59444.0,55610.0,56247.18,51724.32047,2021-11-22
13,1637625600000,56243.83,58009.99,55317.0,57541.27,49917.85017,2021-11-23
14,1637712000000,57541.26,57735.0,55837.0,57138.29,39612.04964,2021-11-24
15,1637798400000,57138.29,59398.9,57000.0,58960.36,42153.51522,2021-11-25
16,1637884800000,58960.37,59150.0,53500.0,53726.53,65927.87066,2021-11-26
17,1637971200000,53723.72,55280.0,53610.0,54721.03,29716.99957,2021-11-27
18,1638057600000,54716.47,57445.05,53256.64,57274.88,36163.7137,2021-11-28
19,1638144000000,57274.89,58865.97,56666.67,57776.25,40125.28009,2021-11-29
20,1638230400000,57776.25,59176.99,55875.55,56950.56,49161.05194,2021-11-30
21,1638316800000,56950.56,59053.55,56458.01,57184.07,44956.63656,2021-12-01
22,1638403200000,57184.07,57375.47,55777.77,56480.34,37574.05976,2021-12-02
23,1638489600000,56484.26,57600.0,51680.0,53601.05,58927.69027,2021-12-03
24,1638576000000,53601.05,53859.1,42000.3,49152.47,114203.373748,2021-12-04
25,1638662400000,49152.46,49699.05,47727.21,49396.33,45580.82012,2021-12-05
26,1638748800000,49396.32,50891.11,47100.0,50441.92,58571.21575,2021-12-06
27,1638835200000,50441.91,51936.33,50039.74,50588.95,38253.46877,2021-12-07
28,1638921600000,50588.95,51200.0,48600.0,50471.19,38425.92466,2021-12-08
29,1639008000000,50471.19,50797.76,47320.0,47545.59,37692.68665,2021-12-09
30,1639094400000,47535.9,50125.0,46852.0,47140.54,44233.57391,2021-12-10
31,1639180800000,47140.54,49485.71,46751.0,49389.99,28889.19358,2021-12-11
32,1639267200000,49389.99,50777.0,48638.0,50053.9,26017.93421,2021-12-12
33,1639353600000,50053.9,50189.97,45672.75,46702.75,50869.52093,2021-12-13
34,1639440000000,46702.76,48700.41,46290.0,48343.28,39955.98445,2021-12-14
35,1639526400000,48336.95,49500.0,46547.0,48864.98,51629.181,2021-12-15
36,1639612800000,48864.98,49436.43,47511.0,47632.38,31949.86739,2021-12-16
37,1639699200000,47632.38,47995.96,45456.0,46131.2,43104.4887,2021-12-17
38,1639785600000,46133.83,47392.37,45500.0,46834.48,25020.05271,2021-12-18
39,1639872000000,46834.47,48300.01,46406.91,46681.23,29305.70665,2021-12-19
40,1639958400000,46681.24,47537.57,45558.85,46914.16,35848.50609,2021-12-20
41,1640044800000,46914.17,49328.96,46630.0,48889.88,37713.92924,2021-12-21
42,1640131200000,48887.59,49576.13,48421.87,48588.16,27004.2022,2021-12-22
43,1640217600000,48588.17,51375.0,47920.42,50838.81,35192.54046,2021-12-23
44,1640304000000,50838.82,51810.0,50384.43,50820.0,31684.84269,2021-12-24
45,1640390400000,50819.99,51156.23,50142.32,50399.66,19135.51613,2021-12-25
46,1640476800000,50399.67,51280.0,49412.0,50775.49,22569.88914,2021-12-26
47,1640563200000,50775.48,52088.0,50449.0,50701.44,28792.21566,2021-12-27
48,1640649600000,50701.44,50704.05,47313.01,47543.74,45853.33924,2021-12-28
49,1640736000000,47543.74,48139.08,46096.99,46464.66,39498.87,2021-12-29
50,1640822400000,46464.66,47900.0,45900.0,47120.87,30352.29569,2021-12-30
51,1640908800000,47120.88,48548.26,45678.0,46216.93,34937.99796,2021-12-31
52,1640995200000,46216.93,47954.63,46208.37,47722.65,19604.46325,2022-01-01
53,1641081600000,47722.66,47990.0,46654.0,47286.18,18340.4604,2022-01-02
54,1641168000000,47286.18,47570.0,45696.0,46446.1,27662.0771,2022-01-03
55,1641254400000,46446.1,47557.54,45500.0,45832.01,35491.4136,2022-01-04
56,1641340800000,45832.01,47070.0,42500.0,43451.13,51784.11857,2022-01-05
57,1641427200000,43451.14,43816.0,42430.58,43082.31,38880.37305,2022-01-06
58,1641513600000,43082.3,43145.83,40610.0,41566.48,54836.50818,2022-01-07
59,1641600000000,41566.48,42300.0,40501.0,41679.74,32952.73111,2022-01-08
60,1641686400000,41679.74,42786.7,41200.02,41864.62,22724.39426,2022-01-09
61,1641772800000,41864.62,42248.5,39650.0,41822.49,50729.17019,2022-01-10
62,1641859200000,41822.49,43100.0,41268.93,42729.29,37296.43729,2022-01-11
63,1641945600000,42729.29,44322.0,42450.0,43902.66,33943.2928,2022-01-12
64,1642032000000,43902.65,44500.0,42311.22,42560.11,34910.87762,2022-01-13
65,1642118400000,42558.35,43448.78,41725.95,43059.96,32640.88292,2022-01-14
66,1642204800000,43059.96,43800.0,42555.0,43084.29,21936.05616,2022-01-15
67,1642291200000,43084.29,43475.0,42581.79,43071.66,20602.35271,2022-01-16
68,1642377600000,43071.66,43176.18,41540.42,42201.62,27562.08613,2022-01-17
69,1642464000000,42201.63,42691.0,41250.0,42352.12,29324.08257,2022-01-18
70,1642550400000,42352.12,42559.13,41138.56,41660.01,31685.72159,2022-01-19
71,1642636800000,41660.0,43505.0,40553.31,40680.91,42330.33953,2022-01-20
72,1642723200000,40680.92,41100.0,35440.45,36445.31,88860.891999,2022-01-21
73,1642809600000,36445.31,36835.22,34008.0,35071.42,90471.338961,2022-01-22
74,1642896000000,35071.42,36499.0,34601.01,36244.55,44279.52354,2022-01-23
75,1642982400000,36244.55,37550.0,32917.17,36660.35,91904.753211,2022-01-24
76,1643068800000,36660.35,37545.14,35701.0,36958.32,49232.40183,2022-01-25
77,1643155200000,36958.32,38919.98,36234.63,36809.34,69830.16036,2022-01-26
78,1643241600000,36807.24,37234.47,35507.01,37160.1,53020.87934,2022-01-27
79,1643328000000,37160.11,38000.0,36155.01,37716.56,42154.26956,2022-01-28
80,1643414400000,37716.57,38720.74,37268.44,38166.84,26129.49682,2022-01-29
81,1643500800000,38166.83,38359.26,37351.63,37881.76,21430.66527,2022-01-30
82,1643587200000,37881.75,38744.0,36632.61,38466.9,36855.2458,2022-01-31
83,1643673600000,38466.9,39265.2,38000.0,38694.59,34574.44663,2022-02-01
84,1643760000000,38694.59,38855.92,36586.95,36896.36,35794.6813,2022-02-02
85,1643846400000,36896.37,37387.0,36250.0,37311.61,32081.10999,2022-02-03
86,1643932800000,37311.98,41772.33,37026.73,41574.25,64703.95874,2022-02-04
87,1644019200000,41571.7,41913.69,40843.01,41382.59,32532.34372,2022-02-05
88,1644105600000,41382.6,42656.0,41116.56,42380.87,22405.16704,2022-02-06
89,1644192000000,42380.87,44500.5,41645.85,43839.99,51060.62006,2022-02-07
90,1644278400000,43839.99,45492.0,42666.0,44042.99,64880.29387,2022-02-08
91,1644364800000,44043.0,44799.0,43117.92,44372.72,34428.16729,2022-02-09
92,1644451200000,44372.71,45821.0,43174.01,43495.44,62357.29091,2022-02-10
93,1644537600000,43495.44,43920.0,41938.51,42373.73,44975.1687,2022-02-11
94,1644624000000,42373.73,43079.49,41688.88,42217.87,26556.85681,2022-02-12
95,1644710400000,42217.87,42760.0,41870.0,42053.66,17732.08113,2022-02-13
96,1644796800000,42053.65,42842.4,41550.56,42535.94,34010.1306,2022-02-14
97,1644883200000,42535.94,44751.4,42427.03,44544.86,38095.19576,2022-02-15
98,1644969600000,44544.85,44549.97,43307.0,43873.56,28471.8727,2022-02-16
99,1645056000000,43873.56,44164.71,40073.21,40515.7,47245.99494,2022-02-17
100,1645142400000,40515.71,40959.88,39450.0,39974.44,43845.92241,2022-02-18
101,1645228800000,39974.45,40444.32,39639.03,40079.17,18042.0551,2022-02-19
102,1645315200000,40079.17,40125.44,38000.0,38386.89,33439.29011,2022-02-20
103,1645401600000,38386.89,39494.35,36800.0,37008.16,62347.68496,2022-02-21
104,1645488000000,37008.16,38429.0,36350.0,38230.33,53785.94589,2022-02-22
105,1645574400000,38230.33,39249.93,37036.79,37250.01,43560.732,2022-02-23
106,1645660800000,37250.02,39843.0,34322.28,38327.21,120476.29458,2022-02-24
107,1645747200000,38328.68,39683.53,38014.37,39219.17,56574.57125,2022-02-25
108,1645833600000,39219.16,40348.45,38573.18,39116.72,29361.2568,2022-02-26
109,1645920000000,39116.73,39855.7,37000.0,37699.07,46229.44719,2022-02-27
110,1646006400000,37699.08,44225.84,37450.17,43160.0,73945.63858,2022-02-28
111,1646092800000,43160.0,44949.0,42809.98,44421.2,61743.09873,2022-03-01
112,1646179200000,44421.2,45400.0,43334.09,43892.98,57782.65081,2022-03-02
113,1646265600000,43892.99,44101.12,41832.28,42454.0,50940.61021,2022-03-03
114,1646352000000,42454.0,42527.3,38550.0,39148.66,61964.68498,2022-03-04
115,1646438400000,39148.65,39613.24,38407.59,39397.96,30363.13341,2022-03-05
116,1646524800000,39397.97,39693.87,38088.57,38420.81,39677.26158,2022-03-06
117,1646611200000,38420.8,39547.57,37155.0,37988.0,63994.11559,2022-03-07
118,1646697600000,37988.01,39362.08,37867.65,38730.63,55583.06638,2022-03-08
119,1646784000000,38730.63,42594.06,38656.45,41941.71,67392.58799,2022-03-09
120,1646870400000,41941.7,42039.63,38539.73,39422.0,71962.93154,2022-03-10
121,1646956800000,39422.01,40236.26,38223.6,38729.57,59018.7642,2022-03-11
122,1647043200000,38729.57,39486.71,38660.52,38807.36,24034.36432,2022-03-12
123,1647129600000,38807.35,39310.0,37578.51,37777.34,32791.82359,2022-03-13
124,1647216000000,37777.35,39947.12,37555.0,39671.37,46945.45375,2022-03-14
125,1647302400000,39671.37,39887.61,38098.33,39280.33,46015.54926,2022-03-15
126,1647388800000,39280.33,41718.0,38828.48,41114.0,88120.76167,2022-03-16
127,1647475200000,41114.01,41478.82,40500.0,40917.9,37189.38087,2022-03-17
128,1647561600000,40917.89,42325.02,40135.04,41757.51,45408.00969,2022-03-18
129,1647648000000,41757.51,42400.0,41499.29,42201.13,29067.18108,2022-03-19
130,1647734400000,42201.13,42296.26,40911.0,41262.11,30653.33468,2022-03-20
131,1647820800000,41262.11,41544.22,40467.94,41002.25,39426.24877,2022-03-21
132,1647907200000,41002.26,43361.0,40875.51,42364.13,59454.94294,2022-03-22
133,1647993600000,42364.13,43025.96,41751.47,42882.76,40828.87039,2022-03-23
134,1648080000000,42882.76,44220.89,42560.46,43991.46,56195.12374,2022-03-24
135,1648166400000,43991.46,45094.14,43579.0,44313.16,54614.43648,2022-03-25
136,1648252800000,44313.16,44792.99,44071.97,44511.27,23041.61741,2022-03-26
137,1648339200000,44511.27,46999.0,44421.46,46827.76,41874.91071,2022-03-27
138,1648425600000,46827.76,48189.84,46663.56,47122.21,58949.2614,2022-03-28
139,1648512000000,47122.21,48096.47,46950.85,47434.8,36772.28457,2022-03-29
140,1648598400000,47434.79,47700.22,46445.42,47067.99,40947.2085,2022-03-30
141,1648684800000,47067.99,47600.0,45200.0,45510.34,48645.12667,2022-03-31
142,1648771200000,45510.35,46720.09,44200.0,46283.49,56271.06474,2022-04-01
143,1648857600000,46283.49,47213.0,45620.0,45811.0,37073.53582,2022-04-02
144,1648944000000,45810.99,47444.11,45530.92,46407.35,33394.67794,2022-04-03
145,1649030400000,46407.36,46890.71,45118.0,46580.51,44641.87514,2022-04-04
146,1649116800000,46580.5,47200.0,45353.81,45497.55,42192.74852,2022-04-05
147,1649203200000,45497.54,45507.14,43121.0,43170.47,60849.32936,2022-04-06
148,1649289600000,43170.47,43900.99,42727.35,43444.19,37396.54156,2022-04-07
149,1649376000000,43444.2,43970.62,42107.14,42252.01,42375.04203,2022-04-08
150,1649462400000,42252.02,42800.0,42125.48,42753.97,17891.66047,2022-04-09
151,1649548800000,42753.96,43410.3,41868.0,42158.85,22771.09403,2022-04-10
152,1649635200000,42158.85,42414.71,39200.0,39530.45,63560.44721,2022-04-11
153,1649721600000,39530.45,40699.0,39254.63,40074.94,57751.01778,2022-04-12
154,1649808000000,40074.95,41561.31,39588.54,41147.79,41342.27254,2022-04-13
155,1649894400000,41147.78,41500.0,39551.94,39942.38,36807.01401,2022-04-14
156,1649980800000,39942.37,40870.36,39766.4,40551.9,24026.35739,2022-04-15
157,1650067200000,40551.9,40709.35,39991.55,40378.71,15805.44718,2022-04-16
158,1650153600000,40378.7,40595.67,39546.17,39678.12,19988.49259,2022-04-17
159,1650240000000,39678.11,41116.73,38536.51,40801.13,54243.49575,2022-04-18
160,1650326400000,40801.13,41760.0,40571.0,41493.18,35788.85843,2022-04-19
161,1650412800000,41493.19,42199.0,40820.0,41358.19,40877.35041,2022-04-20
162,1650499200000,41358.19,42976.0,39751.0,40480.01,59316.27657,2022-04-21
163,1650585600000,40480.01,40795.06,39177.0,39709.18,46664.0196,2022-04-22
164,1650672000000,39709.19,39980.0,39285.0,39441.6,20291.42375,2022-04-23
165,1650758400000,39441.61,39940.0,38929.62,39450.13,26703.61186,2022-04-24
166,1650844800000,39450.12,40616.0,38200.0,40426.08,63037.12784,2022-04-25
167,1650931200000,40426.08,40797.31,37702.26,38112.65,66650.258,2022-04-26
168,1651017600000,38112.64,39474.72,37881.31,39235.72,57083.12272,2022-04-27
169,1651104000000,39235.72,40372.63,38881.43,39742.07,56086.6715,2022-04-28
170,1651190400000,39742.06,39925.25,38175.0,38596.11,51453.65715,2022-04-29
171,1651276800000,38596.11,38795.38,37578.2,37630.8,35321.18989,2022-04-30
172,1651363200000,37630.8,38675.0,37386.38,38468.35,38812.24104,2022-05-01
173,1651449600000,38468.35,39167.34,38052.0,38525.16,53200.92628,2022-05-02
174,1651536000000,38525.16,38651.51,37517.8,37728.95,40316.45358,2022-05-03
175,1651622400000,37728.95,40023.77,37670.0,39690.0,62574.61736,2022-05-04
176,1651708800000,39690.0,39845.51,35571.9,36552.97,88722.43355,2022-05-05
177,1651795200000,36552.97,36675.63,35258.0,36013.77,68437.80187,2022-05-06
178,1651881600000,36013.77,36146.3,34785.0,35472.39,34281.70682,2022-05-07
179,1651968000000,35472.4,35514.22,33713.95,34038.4,72445.64344,2022-05-08
180,1652054400000,34038.39,34243.15,30033.33,30076.31,191876.926428,2022-05-09
181,1652140800000,30074.23,32658.99,29730.4,31017.1,165532.00311,2022-05-10
182,1652227200000,31017.11,32162.59,27785.0,29103.94,207063.739278,2022-05-11
183,1652313600000,29103.94,30243.0,26700.0,29029.75,204507.263138,2022-05-12
184,1652400000000,29029.74,31083.37,28751.67,29287.05,97872.36957,2022-05-13
185,1652486400000,29287.05,30343.27,28630.0,30086.74,51095.87863,2022-05-14
186,1652572800000,30086.74,31460.0,29480.0,31328.89,46275.66912,2022-05-15
187,1652659200000,31328.89,31328.9,29087.04,29874.01,73082.19658,2022-05-16
188,1652745600000,29874.01,30788.37,29450.38,30444.93,56724.13307,2022-05-17
189,1652832000000,30444.93,30709.99,28654.47,28715.32,59749.15799,2022-05-18
190,1652918400000,28715.33,30545.18,28691.38,30319.23,67877.36415,2022-05-19
191,1653004800000,30319.22,30777.33,28730.0,29201.01,60517.25325,2022-05-20
192,1653091200000,29201.01,29656.18,28947.28,29445.06,20987.13124,2022-05-21
193,1653177600000,29445.07,30487.99,29255.11,30293.94,36158.98748,2022-05-22
194,1653264000000,30293.93,30670.51,28866.35,29109.15,63901.49932,2022-05-23
195,1653350400000,29109.14,29845.86,28669.0,29654.58,59442.96036,2022-05-24
196,1653436800000,29654.58,30223.74,29294.21,29542.15,59537.38659,2022-05-25
197,1653523200000,29542.14,29886.64,28019.56,29201.35,94581.65463,2022-05-26
198,1653609600000,29201.35,29397.66,28282.9,28629.8,90998.5201,2022-05-27
199,1653696000000,28629.81,29266.0,28450.0,29031.33,34479.35127,2022-05-28
200,1653782400000,29031.33,29587.78,28839.21,29468.1,27567.34764,2022-05-29
201,1653868800000,29468.1,32222.0,29299.62,31734.22,96785.9476,2022-05-30
202,1653955200000,31734.23,32399.0,31200.01,31801.04,62433.11632,2022-05-31
203,1654041600000,31801.05,31982.97,29301.0,29805.83,103395.63382,2022-06-01
204,1654128000000,29805.84,30689.0,29594.55,30452.62,56961.42928,2022-06-02
205,1654214400000,30452.63,30699.0,29282.36,29700.21,54067.44727,2022-06-03
206,1654300800000,29700.21,29988.88,29485.0,29864.04,25617.90113,2022-06-04
207,1654387200000,29864.03,30189.0,29531.42,29919.21,23139.9281,2022-06-05
208,1654473600000,29919.2,31765.64,29890.23,31373.1,68836.92456,2022-06-06
209,1654560000000,31373.1,31589.6,29218.96,31125.33,110674.51658,2022-06-07
210,1654646400000,31125.32,31327.22,29843.88,30204.77,68542.61276,2022-06-08
211,1654732800000,30204.77,30700.0,29944.1,30109.93,46291.1865,2022-06-09
212,1654819200000,30109.93,30382.8,28850.0,29091.88,76204.2498,2022-06-10
213,1654905600000,29091.87,29440.41,28099.99,28424.7,65901.39895,2022-06-11
214,1654992000000,28424.71,28544.96,26560.0,26574.53,92474.598809,2022-06-12
215,1655078400000,26574.53,26895.84,21925.77,22487.41,254611.034966,2022-06-13
216,1655164800000,22485.27,23362.88,20846.0,22136.41,187201.64671,2022-06-14
217,1655251200000,22136.42,22800.0,20111.62,22583.72,200774.493467,2022-06-15
218,1655337600000,22583.72,22995.73,20232.0,20401.31,99673.59429,2022-06-16
219,1655424000000,20400.6,21365.43,20246.66,20468.81,86694.33663,2022-06-17
220,1655510400000,20468.81,20792.06,17622.0,18970.79,196441.655524,2022-06-18
221,1655596800000,18970.79,20815.95,17960.41,20574.0,128320.87595,2022-06-19
222,1655683200000,20574.0,21090.0,19637.03,20573.89,109028.94154,2022-06-20
223,1655769600000,20573.9,21723.0,20348.4,20723.52,104371.0749,2022-06-21
224,1655856000000,20723.51,20900.0,19770.51,19987.99,92133.97938,2022-06-22
225,1655942400000,19988.0,21233.0,19890.07,21110.13,83127.08716,2022-06-23
226,1656028800000,21110.12,21558.41,20736.72,21237.69,77430.36622,2022-06-24
227,1656115200000,21237.68,21614.5,20906.62,21491.19,51431.67794,2022-06-25
228,1656201600000,21491.18,21888.0,20964.73,21038.07,53278.10464,2022-06-26
229,1656288000000,21038.08,21539.85,20510.0,20742.56,64475.0013,2022-06-27
230,1656374400000,20742.57,21212.1,20202.01,20281.29,63801.0832,2022-06-28
231,1656460800000,20281.28,20432.31,19854.92,20123.01,77309.04379,2022-06-29
232,1656547200000,20123.0,20179.08,18626.0,19942.21,93846.64806,2022-06-30
233,1656633600000,19942.21,20918.35,18975.0,19279.8,111844.59494,2022-07-01
234,1656720000000,19279.8,19467.39,18977.01,19252.81,46180.3021,2022-07-02
235,1656806400000,19252.82,19647.63,18781.0,19315.83,51087.46631,2022-07-03
236,1656892800000,19315.83,20354.01,19055.31,20236.71,74814.04601,2022-07-04
237,1656979200000,20236.71,20750.0,19304.4,20175.83,96041.13756,2022-07-05
238,1657065600000,20175.84,20675.22,19761.25,20564.51,82439.5808,2022-07-06
239,1657152000000,20564.51,21838.1,20251.68,21624.98,85014.58261,2022-07-07
240,1657238400000,21624.99,22527.37,21189.26,21594.75,403081.57349,2022-07-08
241,1657324800000,21594.75,21980.0,21322.12,21591.83,178417.84468,2022-07-09
242,1657411200000,21592.15,21607.65,20655.0,20862.47,192188.21556,2022-07-10
243,1657497600000,20861.11,20868.48,19875.23,19963.61,137535.40724,2022-07-11
244,1657584000000,19963.61,20059.42,19240.0,19328.75,139506.45862,2022-07-12
245,1657670400000,19331.28,20366.61,18910.94,20234.87,209250.24888,2022-07-13
246,1657756800000,20234.87,20900.0,19616.07,20588.84,174809.21696,2022-07-14
247,1657843200000,20588.84,21200.0,20382.29,20830.04,143343.3049,2022-07-15
248,1657929600000,20830.04,21588.94,20478.61,21195.6,121011.67393,2022-07-16
249,1658016000000,21195.6,21684.54,20750.01,20798.16,118229.4525,2022-07-17
250,1658102400000,20799.58,22777.63,20762.45,22432.58,239942.73132,2022-07-18
251,1658188800000,22432.58,23800.0,21579.54,23396.62,263770.76574,2022-07-19
252,1658275200000,23398.48,24276.74,22906.19,23223.3,238762.17094,2022-07-20
253,1658361600000,23223.3,23442.77,22341.46,23152.19,184817.68191,2022-07-21
254,1658448000000,23152.19,23756.49,22500.0,22684.83,171598.43966,2022-07-22
255,1658534400000,22684.83,23000.77,21934.57,22451.07,122137.77375,2022-07-23
256,1658620800000,22448.58,23014.64,22257.15,22579.68,115189.67277,2022-07-24
257,1658707200000,22577.13,22666.0,21250.0,21310.9,180344.76643,2022-07-25
258,1658793600000,21310.9,21347.82,20706.5,21254.67,177817.24326,2022-07-26
259,1658880000000,21254.67,23112.63,21042.53,22952.45,210971.19796,2022-07-27
260,1658966400000,22954.31,24199.72,22582.13,23842.93,236029.0741,2022-07-28
261,1659052800000,23845.25,24442.66,23414.03,23773.75,198298.50623,2022-07-29
262,1659139200000,23777.28,24668.0,23502.25,23643.51,151060.13211,2022-07-30
263,1659225600000,23644.64,24194.82,23227.31,23293.32,127743.32483,2022-07-31
264,1659312000000,23296.36,23509.68,22850.0,23268.01,144210.16219,2022-08-01
265,1659398400000,23266.9,23459.89,22654.37,22987.79,158073.28225,2022-08-02
266,1659484800000,22985.93,23647.68,22681.22,22818.37,145948.80995,2022-08-03
267,1659571200000,22816.91,23223.32,22400.0,22622.98,154854.67016,2022-08-04
268,1659657600000,22622.41,23472.86,22586.95,23312.42,175251.69749,2022-08-05
269,1659744000000,23313.56,23354.36,22909.52,22954.21,83911.80307,2022-08-06
270,1659830400000,22954.21,23402.0,22844.62,23174.39,88890.00877,2022-08-07
271,1659916800000,23174.39,24245.0,23154.25,23810.0,170958.44152,2022-08-08
272,1660003200000,23810.98,23933.25,22865.0,23149.95,143182.50858,2022-08-09
273,1660089600000,23151.32,24226.0,22664.69,23954.05,208916.54953,2022-08-10
274,1660176000000,23954.05,24918.54,23852.13,23934.39,249759.79557,2022-08-11
275,1660262400000,23933.09,24456.5,23583.0,24403.68,174207.5704,2022-08-12
276,1660348800000,24401.7,24888.0,24291.22,24441.38,152852.25435,2022-08-13
277,1660435200000,24443.06,25047.56,24144.0,24305.24,151206.14473,2022-08-14
278,1660521600000,24305.25,25211.32,23773.22,24094.82,242539.54758,2022-08-15
279,1660608000000,24093.04,24247.49,23671.22,23854.74,179324.94821,2022-08-16
280,1660694400000,23856.15,24446.71,23180.4,23342.66,210668.68766,2022-08-17
281,1660780800000,23342.66,23600.0,23111.04,23191.2,144185.97011,2022-08-18
282,1660867200000,23191.45,23208.67,20783.57,20834.39,283995.87747,2022-08-19
283,1660953600000,20834.39,21382.85,20761.9,21140.07,183041.68363,2022-08-20
284,1661040000000,21140.07,21800.0,21069.11,21515.61,159200.6841,2022-08-21
285,1661126400000,21516.7,21548.71,20890.18,21399.83,222222.04526,2022-08-22
286,1661212800000,21400.75,21684.87,20890.14,21529.12,200967.77164,2022-08-23
287,1661299200000,21529.11,21900.0,21145.0,21368.08,174383.22046,2022-08-24
288,1661385600000,21368.05,21819.88,21310.15,21559.04,169915.78301,2022-08-25
289,1661472000000,21559.04,21886.77,20107.9,20241.05,273811.61955,2022-08-26
290,1661558400000,20239.14,20402.93,19800.0,20037.6,162582.46032,2022-08-27
291,1661644800000,20037.6,20171.18,19520.0,19555.61,139307.95976,2022-08-28
292,1661731200000,19555.61,20433.62,19550.79,20285.73,210509.49545,2022-08-29
293,1661817600000,20287.2,20576.25,19540.0,19811.66,256634.35529,2022-08-30
294,1661904000000,19813.03,20490.0,19797.94,20050.02,276946.60765,2022-08-31
295,1661990400000,20048.44,20208.37,19565.66,20131.46,245289.97263,2022-09-01
296,1662076800000,20132.64,20441.26,19755.29,19951.86,245986.6033,2022-09-02
297,1662163200000,19950.98,20055.93,19652.72,19831.9,146639.03204,2022-09-03
298,1662249600000,19832.45,20029.23,19583.1,20000.3,145588.77893,2022-09-04
299,1662336000000,20000.3,20057.27,19633.83,19796.84,222543.01057,2022-09-05
300,1662422400000,19795.34,20180.0,18649.51,18790.61,356315.05718,2022-09-06
301,1662508800000,18790.61,19464.06,18510.77,19292.84,287394.7788,2022-09-07
302,1662595200000,19292.85,19458.25,19012.0,19319.77,262813.28273,2022-09-08
303,1662681600000,19320.54,21597.22,19291.75,21360.11,428919.74652,2022-09-09
304,1662768000000,21361.62,21810.8,21111.13,21648.34,307997.33504,2022-09-10
305,1662854400000,21647.21,21860.0,21350.0,21826.87,280702.55149,2022-09-11
306,1662940800000,21826.87,22488.0,21538.51,22395.74,395395.61828,2022-09-12
307,1663027200000,22395.44,22799.0,19860.0,20173.57,431915.03333,2022-09-13
308,1663113600000,20173.62,20541.48,19617.62,20226.71,340826.40151,2022-09-14
309,1663200000000,20227.17,20330.24,19497.0,19701.88,333069.76076,2022-09-15
310,1663286400000,19701.88,19890.0,19320.01,19803.3,283791.07064,2022-09-16
311,1663372800000,19803.3,20189.0,19748.08,20113.62,179350.24338,2022-09-17
312,1663459200000,20112.61,20117.26,19335.62,19416.18,254217.46904,2022-09-18
313,1663545600000,19417.45,19686.2,18232.56,19537.02,380512.40306,2022-09-19
314,1663632000000,19537.02,19634.62,18711.87,18875.0,324098.3286,2022-09-20
315,1663718400000,18874.31,19956.0,18125.98,18461.36,385034.10021,2022-09-21
316,1663804800000,18461.36,19550.17,18356.39,19401.63,379321.72111,2022-09-22
317,1663891200000,19401.63,19500.0,18531.42,19289.91,385886.91829,2022-09-23
318,1663977600000,19288.57,19316.14,18805.34,18920.5,239496.56746,2022-09-24
319,1664064000000,18921.99,19180.21,18629.2,18807.38,191191.4492,2022-09-25
320,1664150400000,18809.13,19318.96,18680.72,19227.82,439239.21943,2022-09-26
321,1664236800000,19226.68,20385.86,18816.32,19079.13,593260.74161,2022-09-27
322,1664323200000,19078.1,19790.0,18471.28,19412.82,521385.45547,2022-09-28
323,1664409600000,19412.82,19645.52,18843.01,19591.51,406424.93256,2022-09-29
324,1664496000000,19590.54,20185.0,19155.36,19422.61,444322.9534,2022-09-30
325,1664582400000,19422.61,19484.0,19159.42,19310.95,165625.13959,2022-10-01
326,1664668800000,19312.24,19395.91,18920.35,19056.8,206812.47032,2022-10-02
327,1664755200000,19057.74,19719.1,18959.68,19629.08,293585.75212,2022-10-03
328,1664841600000,19629.08,20475.0,19490.6,20337.82,327012.00127,2022-10-04
329,1664928000000,20337.82,20365.6,19730.0,20158.26,312239.75224,2022-10-05
330,1665014400000,20158.26,20456.6,19853.0,19960.67,320122.1702,2022-10-06
331,1665100800000,19960.67,20068.82,19320.0,19530.09,220874.83913,2022-10-07
332,1665187200000,19530.09,19627.38,19237.14,19417.96,102480.09842,2022-10-08
333,1665273600000,19416.52,19558.0,19316.04,19439.02,113900.82681,2022-10-09
334,1665360000000,19439.96,19525.0,19020.25,19131.87,212509.09849,2022-10-10
335,1665446400000,19131.87,19268.09,18860.0,19060.0,243473.84286,2022-10-11
336,1665532800000,19060.0,19238.31,18965.88,19155.53,213826.26731,2022-10-12
337,1665619200000,19155.1,19513.79,18190.0,19375.13,399756.68337,2022-10-13
338,1665705600000,19375.58,19951.87,19070.37,19176.93,351634.32601,2022-10-14
339,1665792000000,19176.93,19227.68,18975.18,19069.39,113847.64232,2022-10-15
340,1665878400000,19068.4,19425.84,19063.74,19262.98,131894.61885,2022-10-16
341,1665964800000,19262.98,19676.96,19152.03,19549.86,222813.87634,2022-10-17
342,1666051200000,19548.48,19706.66,19091.0,19327.44,260313.07848,2022-10-18
343,1666137600000,19327.44,19360.16,19065.97,19123.97,186137.29538,2022-10-19
344,1666224000000,19123.35,19347.82,18900.0,19041.92,223530.13068,2022-10-20
345,1666310400000,19041.92,19250.0,18650.0,19164.37,269310.75769,2022-10-21
346,1666396800000,19164.37,19257.0,19112.72,19204.35,110403.90837,2022-10-22
347,1666483200000,19204.29,19695.0,19070.11,19570.4,167057.20184,2022-10-23
348,1666569600000,19570.4,19601.15,19157.0,19329.72,256168.14467,2022-10-24
349,1666656000000,19330.6,20415.87,19237.0,20080.07,326370.67061,2022-10-25
350,1666742400000,20079.02,21020.0,20050.41,20771.59,380492.69576,2022-10-26
351,1666828800000,20771.61,20872.21,20200.0,20295.11,328643.57791,2022-10-27
352,1666915200000,20295.11,20750.0,20000.09,20591.84,287039.94569,2022-10-28
353,1667001600000,20591.84,21085.0,20554.01,20809.67,254881.77755,2022-10-29
354,1667088000000,20809.68,20931.21,20515.0,20627.48,192795.60886,2022-10-30
355,1667174400000,20627.48,20845.92,20237.95,20490.74,303567.61628,2022-10-31
356,1667260800000,20490.74,20700.0,20330.74,20483.62,279932.43771,2022-11-01
357,1667347200000,20482.81,20800.0,20048.04,20151.84,373716.27299,2022-11-02
358,1667433600000,20151.84,20393.32,20031.24,20207.82,319185.1544,2022-11-03
359,1667520000000,20207.12,21302.05,20180.96,21148.52,453694.39165,2022-11-04
360,1667606400000,21148.52,21480.65,21080.65,21299.37,245621.98525,2022-11-05
361,1667692800000,21299.37,21365.27,20886.13,20905.58,230036.97217,2022-11-06
362,1667779200000,20905.58,21069.77,20384.89,20591.13,386977.60337,2022-11-07
363,1667865600000,20590.67,20700.88,17166.83,18547.23,760705.362783,2022-11-08
364,1667952000000,18545.38,18587.76,15588.0,15922.81,731926.929729,2022-11-09
365,1668038400000,15922.68,18199.0,15754.26,17601.15,608448.36432,2022-11-10
366,1668124800000,17602.45,17695.0,16361.6,17070.31,393552.86492,2022-11-11
367,1668211200000,17069.98,17119.1,16631.39,16812.08,167819.96035,2022-11-12
368,1668297600000,16813.16,16954.28,16229.0,16329.85,184960.78846,2022-11-13
369,1668384000000,16331.78,17190.0,15815.21,16619.46,380210.7775,2022-11-14
370,1668470400000,16617.72,17134.69,16527.72,16900.57,282461.84391,2022-11-15
371,1668556800000,16900.57,17015.92,16378.61,16662.76,261493.40809,2022-11-16
372,1668643200000,16661.61,16751.0,16410.74,16692.56,228038.97873,2022-11-17
373,1668729600000,16692.56,17011.0,16546.04,16700.45,214224.18184,2022-11-18
374,1668816000000,16699.43,16822.41,16553.53,16700.68,104963.15558,2022-11-19
375,1668902400000,16700.68,16753.33,16180.0,16280.23,154842.13478,2022-11-20
376,1668988800000,16279.5,16319.0,15476.0,15781.29,324096.997753,2022-11-21
377,1669075200000,15781.29,16315.0,15616.63,16226.94,239548.06623,2022-11-22
378,1669161600000,16227.96,16706.0,16160.2,16603.11,264927.70408,2022-11-23
379,1669248000000,16603.11,16812.63,16458.05,16598.95,206565.92346,2022-11-24
380,1669334400000,16599.55,16666.0,16342.81,16522.14,182089.49533,2022-11-25
381,1669420800000,16521.35,16701.99,16385.0,16458.57,181804.81666,2022-11-26
382,1669507200000,16457.61,16600.0,16401.0,16428.78,162025.47607,2022-11-27
383,1669593600000,16428.77,16487.04,15995.27,16212.91,252695.40367,2022-11-28
384,1669680000000,16212.18,16548.71,16100.0,16442.53,248106.25009,2022-11-29
385,1669766400000,16442.91,17249.0,16428.3,17163.64,303019.80719,2022-11-30
386,1669852800000,17165.53,17324.0,16855.01,16977.37,232818.18218,2022-12-01
387,1669939200000,16978.0,17105.73,16787.85,17092.74,202372.2062,2022-12-02
388,1670025600000,17092.13,17188.98,16858.74,16885.2,154542.57306,2022-12-03
389,1670112000000,16885.2,17202.84,16878.25,17105.7,178619.13387,2022-12-04
390,1670198400000,17106.65,17424.25,16867.0,16966.35,233703.29225,2022-12-05
391,1670284800000,16966.35,17107.01,16906.37,17088.96,218730.76883,2022-12-06
392,1670371200000,17088.96,17142.21,16678.83,16836.64,220657.41334,2022-12-07
393,1670457600000,16836.64,17299.0,16733.49,17224.1,236417.97804,2022-12-08
394,1670544000000,17224.1,17360.0,17058.21,17128.56,238422.06465,2022-12-09
395,1670630400000,17128.56,17227.72,17092.0,17127.49,140573.97937,2022-12-10
396,1670716800000,17127.49,17270.99,17071.0,17085.05,155286.47871,2022-12-11
397,1670803200000,17085.05,17241.89,16871.85,17209.83,226227.49694,2022-12-12
398,1670889600000,17208.93,18000.0,17080.14,17774.7,284462.9139,2022-12-13
399,1670976000000,17775.82,18387.95,17660.94,17803.15,266681.22209,2022-12-14
400,1671062400000,17804.01,17854.82,17275.51,17356.34,223701.96882,2022-12-15
401,1671148800000,17356.96,17531.73,16527.32,16632.12,253379.04116,2022-12-16
402,1671235200000,16631.5,16796.82,16579.85,16776.52,144825.66684,2022-12-17
403,1671321600000,16777.54,16863.26,16663.07,16738.21,112619.31646,2022-12-18
404,1671408000000,16739.0,16815.99,16256.3,16438.88,179094.28305,2022-12-19
405,1671494400000,16438.88,17061.27,16397.2,16895.56,248808.92324,2022-12-20
406,1671580800000,16896.15,16925.0,16723.0,16824.67,156810.96362,2022-12-21
407,1671667200000,16824.68,16868.52,16559.85,16821.43,176044.27235,2022-12-22
408,1671753600000,16821.9,16955.14,16731.13,16778.5,161612.00947,2022-12-23
409,1671840000000,16778.52,16869.99,16776.62,16836.12,100224.29096,2022-12-24
410,1671926400000,16835.73,16857.96,16721.0,16832.11,125441.07202,2022-12-25
411,1672012800000,16832.11,16944.52,16791.0,16919.39,124564.00656,2022-12-26
412,1672099200000,16919.39,16972.83,16592.37,16706.36,173749.58616,2022-12-27
413,1672185600000,16706.06,16785.19,16465.33,16547.31,193037.56577,2022-12-28
414,1672272000000,16547.32,16664.41,16488.91,16633.47,160998.47158,2022-12-29
415,1672358400000,16633.47,16677.35,16333.0,16607.48,164916.31174,2022-12-30
416,1672444800000,16607.48,16644.09,16470.0,16542.4,114490.42864,2022-12-31
0,1672531200000,16541.77,16628.0,16499.01,16616.75,96925.41374,2023-01-01
1,1672617600000,16617.17,16799.23,16548.7,16672.87,121888.57191,2023-01-02
2,1672704000000,16672.78,16778.4,16605.28,16675.18,159541.53733,2023-01-03
3,1672790400000,16675.65,16991.87,16652.66,16850.36,220362.18862,2023-01-04
4,1672876800000,16850.36,16879.82,16753.0,16831.85,163473.56641,2023-01-05
5,1672963200000,16831.85,17041.0,16679.0,16950.65,207401.28415,2023-01-06
6,1673049600000,16950.31,16981.91,16908.0,16943.57,104526.5688,2023-01-07
7,1673136000000,16943.83,17176.99,16911.0,17127.83,135155.89695,2023-01-08
8,1673222400000,17127.83,17398.8,17104.66,17178.26,266211.52723,2023-01-09
9,1673308800000,17179.04,17499.0,17146.34,17440.66,221382.42581,2023-01-10
10,1673395200000,17440.64,18000.0,17315.6,17943.26,262221.60653,2023-01-11
11,1673481600000,17943.26,19117.04,17892.05,18846.62,454568.32178,2023-01-12
12,1673568000000,18846.62,20000.0,18714.12,19930.01,368615.87823,2023-01-13
13,1673654400000,19930.01,21258.0,19888.05,20954.92,393913.74951,2023-01-14
14,1673740800000,20952.76,21050.74,20551.01,20871.5,178542.22549,2023-01-15
15,1673827200000,20872.99,21474.05,20611.48,21185.65,293078.08262,2023-01-16
16,1673913600000,21185.65,21647.45,20841.31,21134.81,275407.74409,2023-01-17
17,1674000000000,21132.29,21650.0,20407.15,20677.47,350916.01949,2023-01-18
18,1674086400000,20677.47,21192.0,20659.19,21071.59,251385.84925,2023-01-19
19,1674172800000,21071.59,22755.93,20861.28,22667.21,338079.13659,2023-01-20
20,1674259200000,22666.0,23371.8,22422.0,22783.55,346445.48432,2023-01-21
21,1674345600000,22783.35,23078.71,22292.37,22707.88,253577.75286,2023-01-22
22,1674432000000,22706.02,23180.0,22500.0,22916.45,293588.37938,2023-01-23
23,1674518400000,22917.81,23162.2,22462.93,22632.89,293158.78254,2023-01-24
24,1674604800000,22631.94,23816.73,22300.0,23060.94,346042.83223,2023-01-25
25,1674691200000,23060.42,23282.47,22850.01,23009.65,288924.43581,2023-01-26
26,1674777600000,23009.65,23500.0,22534.88,23074.16,280833.86315,2023-01-27
27,1674864000000,23074.16,23189.0,22878.46,23022.6,148115.71085,2023-01-28
28,1674950400000,23021.4,23960.54,22967.76,23742.3,295688.79204,2023-01-29
29,1675036800000,23743.37,23800.51,22500.0,22826.15,302405.90121,2023-01-30
30,1675123200000,22827.38,23320.0,22714.77,23125.13,264649.34909,2023-01-31
31,1675209600000,23125.13,23812.66,22760.23,23732.66,310790.42271,2023-02-01
32,1675296000000,23731.41,24255.0,23363.27,23488.94,364177.20751,2023-02-02
33,1675382400000,23489.33,23715.7,23204.62,23431.9,332571.02904,2023-02-03
34,1675468800000,23431.9,23587.78,23253.96,23326.84,166126.47295,2023-02-04
35,1675555200000,23327.66,23433.33,22743.0,22932.91,209251.33917,2023-02-05
36,1675641600000,22932.91,23158.25,22628.13,22762.52,265371.6069,2023-02-06
37,1675728000000,22762.52,23350.25,22745.78,23240.46,308006.72482,2023-02-07
38,1675814400000,23242.42,23452.0,22665.85,22963.0,280056.30717,2023-02-08
39,1675900800000,22961.85,23011.39,21688.0,21796.35,402894.6955,2023-02-09
40,1675987200000,21797.83,21938.16,21451.0,21625.19,338591.94247,2023-02-10
41,1676073600000,21625.19,21906.32,21599.78,21862.55,177021.58433,2023-02-11
42,1676160000000,21862.02,22090.0,21630.0,21783.54,204435.65163,2023-02-12
43,1676246400000,21782.37,21894.99,21351.07,21773.97,295730.76791,2023-02-13
44,1676332800000,21774.63,22319.08,21532.77,22199.84,361958.40109,2023-02-14
45,1676419200000,22199.84,24380.0,22047.28,24324.05,375669.16111,2023-02-15
46,1676505600000,24322.87,25250.0,23505.25,23517.72,450080.68366,2023-02-16
47,1676592000000,23517.72,25021.11,23339.37,24569.97,496813.21376,2023-02-17
48,1676678400000,24568.24,24877.0,24430.0,24631.95,216917.25213,2023-02-18
49,1676764800000,24632.05,25192.0,24192.57,24271.76,300395.99542,2023-02-19
50,1676851200000,24272.51,25121.23,23840.83,24842.2,346938.56997,2023-02-20
51,1676937600000,24843.89,25250.0,24148.34,24452.16,376000.82868,2023-02-21
52,1677024000000,24450.67,24476.05,23574.69,24182.21,379425.75365,2023-02-22
53,1677110400000,24182.21,24599.59,23608.0,23940.2,398400.45437,2023-02-23
54,1677196800000,23940.2,24132.35,22841.19,23185.29,343582.57453,2023-02-24
55,1677283200000,23184.04,23219.13,22722.0,23157.07,191311.8101,2023-02-25
56,1677369600000,23157.07,23689.99,23059.18,23554.85,202323.73623,2023-02-26
57,1677456000000,23554.85,23897.99,23106.77,23492.09,283706.0859,2023-02-27
58,1677542400000,23492.09,23600.0,23020.97,23141.57,264140.99894,2023-02-28
59,1677628800000,23141.57,24000.0,23020.03,23628.97,315287.41737,2023-03-01
60,1677715200000,23629.76,23796.93,23195.9,23465.32,239315.45219,2023-03-02
61,1677801600000,23465.32,23476.95,21971.13,22354.34,319954.19785,2023-03-03
62,1677888000000,22354.34,22410.0,22157.08,22346.57,121257.38132,2023-03-04
63,1677974400000,22346.57,22662.09,22189.22,22430.24,154841.75786,2023-03-05
64,1678060800000,22430.24,22602.19,22258.0,22410.0,203751.82957,2023-03-06
65,1678147200000,22409.41,22557.91,21927.0,22197.96,292519.80912,2023-03-07
66,1678233600000,22198.56,22287.0,21580.0,21705.44,301460.57272,2023-03-08
67,1678320000000,21704.37,21834.99,20042.72,20362.22,443658.28584,2023-03-09
68,1678406400000,20362.21,20367.78,19549.09,20150.69,618456.4671,2023-03-10
69,1678492800000,20150.69,20686.51,19765.03,20455.73,427831.82133,2023-03-11
70,1678579200000,20455.73,22150.0,20270.6,21997.11,430944.94288,2023-03-12
71,1678665600000,21998.05,24500.0,21813.88,24113.48,687889.31259,2023-03-13
72,1678752000000,24112.27,26386.87,23976.42,24670.41,699360.93423,2023-03-14
73,1678838400000,24670.41,25196.97,23896.95,24285.66,581450.72984,2023-03-15
74,1678924800000,24285.66,25167.4,24123.0,24998.78,439421.32998,2023-03-16
75,1679011200000,24998.78,27756.84,24890.0,27395.13,624460.68091,2023-03-17
76,1679097600000,27395.13,27724.85,26578.0,26907.49,371238.97174,2023-03-18
77,1679184000000,26907.49,28390.1,26827.22,27972.87,372066.99054,2023-03-19
78,1679270400000,27972.87,28472.0,27124.47,27717.01,477378.23373,2023-03-20
79,1679356800000,27717.01,28438.55,27303.1,28105.47,420929.7422,2023-03-21
80,1679443200000,28107.81,28868.05,26601.8,27250.97,224113.41296,2023-03-22
81,1679529600000,27250.97,28750.0,27105.0,28295.41,128649.60818,2023-03-23
82,1679616000000,28295.42,28374.3,27000.0,27454.47,86242.06544,2023-03-24
83,1679702400000,27454.46,27787.33,27156.09,27462.95,50844.08102,2023-03-25
84,1679788800000,27462.96,28194.4,27417.76,27968.05,49671.70353,2023-03-26
85,1679875200000,27968.05,28023.86,26508.14,27124.91,88039.46898,2023-03-27
86,1679961600000,27124.9,27520.0,26631.78,27261.07,78602.44341,2023-03-28
87,1680048000000,27261.06,28650.0,27240.1,28348.6,89486.16008,2023-03-29
88,1680134400000,28348.6,29184.68,27686.0,28028.53,98865.43256,2023-03-30
89,1680220800000,28028.53,28656.69,27511.71,28465.36,78198.12139,2023-03-31
90,1680307200000,28465.36,28819.71,28220.27,28452.73,30238.44753,2023-04-01
91,1680393600000,28452.74,28530.0,27856.43,28171.87,37365.65692,2023-04-02
92,1680480000000,28171.87,28500.99,27200.24,27800.0,79180.01405,2023-04-03
93,1680566400000,27800.0,28444.44,27662.79,28165.47,49722.55691,2023-04-04
94,1680652800000,28165.47,28775.0,27805.1,28170.01,60737.64732,2023-04-05
95,1680739200000,28170.01,28182.05,27711.0,28033.82,40118.94963,2023-04-06
96,1680825600000,28033.83,28100.0,27766.94,27906.33,24762.09387,2023-04-07
97,1680912000000,27906.34,28154.99,27859.02,27938.38,19479.96735,2023-04-08
98,1680998400000,27938.38,28530.0,27800.0,28323.76,32531.16101,2023-04-09
99,1681084800000,28323.76,29770.0,28170.0,29637.34,67754.0622,2023-04-10
100,1681171200000,29637.35,30550.0,29590.0,30200.42,67990.07621,2023-04-11
101,1681257600000,30200.43,30486.0,29637.4,29888.07,62049.48451,2023-04-12
102,1681344000000,29888.07,30595.0,29854.59,30373.84,51934.11731,2023-04-13
103,1681430400000,30373.84,31000.0,29966.0,30466.93,75984.19452,2023-04-14
104,1681516800000,30466.93,30595.6,30202.0,30295.09,25429.81247,2023-04-15
105,1681603200000,30295.1,30549.99,30120.0,30304.65,26431.99322,2023-04-16
106,1681689600000,30304.66,30316.06,29240.65,29430.27,56441.81127,2023-04-17
107,1681776000000,29430.27,30485.0,29096.78,30380.01,62004.89434,2023-04-18
108,1681862400000,30380.01,30413.53,28520.0,28797.1,86575.48656,2023-04-19
109,1681948800000,28797.1,29088.3,28010.0,28243.65,76879.09372,2023-04-20
110,1682035200000,28243.65,28374.02,27125.0,27262.84,77684.7679,2023-04-21
111,1682121600000,27262.84,27882.72,27140.35,27816.85,36023.69686,2023-04-22
112,1682208000000,27816.85,27816.85,27311.25,27590.6,34812.09581,2023-04-23
113,1682294400000,27590.59,28000.0,26942.82,27510.93,53111.56874,2023-04-24
114,1682380800000,27510.93,28399.99,27192.0,28300.79,52325.14637,2023-04-25
115,1682467200000,28300.8,30036.0,27235.0,28415.29,129228.40403,2023-04-26
116,1682553600000,28415.29,29890.0,28378.86,29472.77,95430.82431,2023-04-27
117,1682640000000,29472.77,29599.54,28891.0,29311.7,54298.16578,2023-04-28
118,1682726400000,29311.69,29448.88,29031.0,29230.45,20466.83058,2023-04-29
119,1682812800000,29230.45,29969.39,29079.59,29233.21,39752.5372,2023-04-30
120,1682899200000,29233.2,29337.34,27666.95,28068.26,64433.65958,2023-05-01
121,1682985600000,28068.26,28879.88,27872.0,28669.86,50824.5224,2023-05-02
122,1683072000000,28669.85,29266.66,28113.69,29026.16,64615.79213,2023-05-03
123,1683158400000,29026.16,29379.83,28663.64,28838.16,42575.47501,2023-05-04
124,1683244800000,28838.16,29677.0,28800.0,29505.61,58415.83048,2023-05-05
125,1683331200000,29505.6,29820.0,28300.0,28848.2,49249.28459,2023-05-06
126,1683417600000,28848.19,29138.29,28395.23,28430.1,30003.41028,2023-05-07
127,1683504000000,28430.09,28631.01,27262.0,27668.79,68244.36179,2023-05-08
128,1683590400000,27668.8,27818.0,27353.0,27628.27,40113.31069,2023-05-09
129,1683676800000,27628.28,28331.42,26777.0,27598.75,71155.11355,2023-05-10
130,1683763200000,27598.74,27630.14,26702.05,26968.62,47635.31365,2023-05-11
131,1683849600000,26968.61,27091.12,25811.46,26795.01,67207.93494,2023-05-12
132,1683936000000,26795.01,27045.45,26692.03,26775.28,22814.90421,2023-05-13
133,1684022400000,26775.27,27200.0,26560.53,26917.62,21594.8036,2023-05-14
134,1684108800000,26917.61,27663.59,26726.0,27162.14,40430.08333,2023-05-15
135,1684195200000,27162.15,27296.89,26852.11,27033.84,33270.45451,2023-05-16
136,1684281600000,27033.85,27500.0,26544.71,27405.61,42958.97785,2023-05-17
137,1684368000000,27405.62,27485.33,26361.2,26821.28,49198.65143,2023-05-18
138,1684454400000,26821.28,27183.6,26630.0,26880.26,28754.13544,2023-05-19
139,1684540800000,26880.26,27150.0,26825.11,27102.43,14434.54718,2023-05-20
140,1684627200000,27102.42,27277.55,26666.03,26747.78,21347.87279,2023-05-21
141,1684713600000,26747.78,27099.89,26538.21,26849.27,26458.83828,2023-05-22
142,1684800000000,26849.28,27495.83,26798.11,27219.61,38700.83858,2023-05-23
143,1684886400000,27219.61,27219.61,26080.5,26329.01,54393.0657,2023-05-24
144,1684972800000,26329.0,26631.98,25871.89,26473.79,37435.44895,2023-05-25
145,1685059200000,26473.8,26932.16,26327.24,26705.92,35061.18713,2023-05-26
146,1685145600000,26705.93,26895.0,26551.0,26854.27,15095.6867,2023-05-27
147,1685232000000,26854.28,28261.32,26764.36,28065.0,43916.00855,2023-05-28
148,1685318400000,28065.01,28447.14,27524.6,27736.4,42385.41945,2023-05-29
149,1685404800000,27736.39,28038.59,27554.0,27694.4,32686.75371,2023-05-30
150,1685491200000,27694.39,27835.51,26839.01,27210.35,46588.80573,2023-05-31
151,1685577600000,27210.36,27350.0,26605.05,26817.93,39217.8088,2023-06-01
152,1685664000000,26817.93,27300.0,26505.0,27242.59,36380.90269,2023-06-02
153,1685750400000,27242.59,27333.29,26914.93,27069.22,16595.34117,2023-06-03
154,1685836800000,27069.22,27455.02,26951.0,27115.21,19258.41049,2023-06-04
155,1685923200000,27115.2,27129.33,25388.0,25728.2,65805.60305,2023-06-05
156,1686009600000,25728.2,27355.33,25351.02,27230.08,68392.60438,2023-06-06
157,1686096000000,27230.07,27391.77,26125.01,26339.34,59619.44364,2023-06-07
158,1686182400000,26339.34,26810.0,26210.0,26498.61,31075.51083,2023-06-08
159,1686268800000,26498.62,26783.33,26269.91,26477.81,27934.7097,2023-06-09
160,1686355200000,26477.8,26533.87,25358.0,25841.21,64944.60108,2023-06-10
161,1686441600000,25841.22,26206.88,25634.7,25925.55,30014.29595,2023-06-11
162,1686528000000,25925.54,26106.48,25602.11,25905.19,29900.50893,2023-06-12
163,1686614400000,25905.2,26433.21,25712.57,25934.25,41065.60853,2023-06-13
164,1686700800000,25934.24,26098.0,24820.56,25128.6,45077.31608,2023-06-14
165,1686787200000,25128.6,25759.01,24800.0,25598.49,48664.86063,2023-06-15
166,1686873600000,25598.49,26518.0,25175.56,26345.0,51596.91662,2023-06-16
167,1686960000000,26345.01,26839.99,26181.0,26516.99,27842.2195,2023-06-17
168,1687046400000,26516.99,26700.0,26255.85,26339.97,21538.31022,2023-06-18
169,1687132800000,26339.98,27068.09,26256.61,26844.35,35872.65974,2023-06-19
170,1687219200000,26844.35,28402.74,26652.0,28307.99,69666.95525,2023-06-20
171,1687305600000,28308.0,30800.0,28257.99,29993.89,108926.40412,2023-06-21
172,1687392000000,29993.89,30500.0,29525.61,29884.92,59054.5646,2023-06-22
173,1687478400000,29884.92,31431.94,29800.0,30688.5,73931.89635,2023-06-23
174,1687564800000,30688.51,30800.0,30250.0,30527.43,30513.30135,2023-06-24
175,1687651200000,30527.44,31046.01,30277.49,30462.66,30223.44801,2023-06-25
176,1687737600000,30462.67,30666.0,29930.0,30267.99,45180.41489,2023-06-26
177,1687824000000,30267.99,30994.97,30226.17,30692.44,42699.64157,2023-06-27
178,1687910400000,30692.44,30709.74,29858.8,30077.41,40463.51937,2023-06-28
179,1687996800000,30077.4,30843.98,30049.98,30447.31,36330.62903,2023-06-29
180,1688083200000,30447.31,31282.0,29500.0,30472.0,89419.07618,2023-06-30
181,1688169600000,30471.99,30661.6,30320.57,30585.9,17501.75075,2023-07-01
182,1688256000000,30585.9,30791.0,30155.0,30617.03,23286.41019,2023-07-02
183,1688342400000,30617.02,31380.0,30570.27,31156.2,43761.64311,2023-07-03
184,1688428800000,31156.2,31350.69,30620.0,30766.51,33206.11943,2023-07-04
185,1688515200000,30766.52,30878.07,30200.0,30504.81,33215.67122,2023-07-05
186,1688601600000,30504.8,31500.0,29850.45,29895.43,71319.6261,2023-07-06
187,1688688000000,29895.42,30449.0,29701.02,30344.7,34070.53895,2023-07-07
188,1688774400000,30344.7,30386.81,30044.47,30284.63,13094.59042,2023-07-08
189,1688860800000,30284.63,30445.52,30061.12,30160.71,15388.50196,2023-07-09
190,1688947200000,30160.71,31045.78,29950.0,30411.57,41262.87652,2023-07-10
191,1689033600000,30411.57,30813.63,30300.0,30622.1,28476.83311,2023-07-11
192,1689120000000,30622.1,30983.25,30210.0,30380.0,38108.99669,2023-07-12
193,1689206400000,30380.0,31804.2,30251.0,31454.23,70772.51836,2023-07-13
194,1689292800000,31454.23,31630.0,29900.0,30312.01,60749.48424,2023-07-14
195,1689379200000,30312.0,30390.9,30200.0,30289.52,14118.55329,2023-07-15
196,1689465600000,30289.52,30441.46,30064.29,30231.99,15760.1281,2023-07-16
197,1689552000000,30232.0,30336.96,29659.2,30138.0,30882.76839,2023-07-17
198,1689638400000,30138.01,30239.78,29512.0,29859.13,30003.8601,2023-07-18
199,1689724800000,29859.14,30189.09,29761.96,29909.21,25657.36137,2023-07-19
200,1689811200000,29909.21,30417.46,29570.96,29800.0,37540.68193,2023-07-20
201,1689897600000,29800.0,30061.7,29726.34,29901.72,23881.40865,2023-07-21
202,1689984000000,29901.72,29999.0,29625.1,29794.0,14660.40467,2023-07-22
203,1690070400000,29793.99,30350.0,29730.0,30083.75,18292.78637,2023-07-23
204,1690156800000,30083.75,30099.58,28861.9,29176.5,39628.99691,2023-07-24
205,1690243200000,29176.5,29376.0,29047.65,29228.91,21565.7478,2023-07-25
206,1690329600000,29228.91,29690.0,29096.94,29351.96,33931.63366,2023-07-26
207,1690416000000,29351.95,29567.49,29083.85,29222.78,22476.47626,2023-07-27
208,1690502400000,29222.78,29542.22,29123.12,29314.14,23993.61627,2023-07-28
209,1690588800000,29314.14,29406.92,29256.18,29352.9,10851.36844,2023-07-29
210,1690675200000,29352.9,29449.0,29033.24,29281.09,15706.97441,2023-07-30
211,1690761600000,29281.09,29530.0,29101.8,29232.25,22605.48964,2023-07-31
212,1690848000000,29232.26,29739.25,28585.7,29705.99,44719.65162,2023-08-01
213,1690934400000,29705.99,30047.5,28927.5,29186.01,48181.65141,2023-08-02
214,1691020800000,29186.0,29433.33,28968.0,29193.64,26476.91994,2023-08-03
215,1691107200000,29193.65,29333.08,28807.54,29113.99,23551.95217,2023-08-04
216,1691193600000,29114.0,29152.23,28978.64,29072.13,11645.52018,2023-08-05
217,1691280000000,29072.13,29205.09,28991.88,29088.42,13178.1972,2023-08-06
218,1691366400000,29088.43,29276.78,28701.03,29211.06,30966.87746,2023-08-07
219,1691452800000,29211.06,30244.0,29146.45,29770.42,45700.53392,2023-08-08
220,1691539200000,29770.41,30160.0,29376.67,29581.99,38003.88725,2023-08-09
221,1691625600000,29581.99,29660.06,29510.44,29558.07,5169.67947,2023-08-10
