date,fear值,日期
1517414400,30,1-2-2018
1517500800,15,2-2-2018
1517587200,40,3-2-2018
1517673600,24,4-2-2018
1517760000,11,5-2-2018
1517846400,8,6-2-2018
1517932800,36,7-2-2018
1518019200,30,8-2-2018
1518105600,44,9-2-2018
1518192000,54,10-2-2018
1518278400,31,11-2-2018
1518364800,42,12-2-2018
1518451200,35,13-2-2018
1518537600,55,14-2-2018
1518624000,71,15-2-2018
1518710400,67,16-2-2018
1518796800,74,17-2-2018
1518883200,63,18-2-2018
1518969600,67,19-2-2018
1519056000,74,20-2-2018
1519142400,54,21-2-2018
1519228800,44,22-2-2018
1519315200,39,23-2-2018
1519401600,31,24-2-2018
1519488000,33,25-2-2018
1519574400,37,26-2-2018
1519660800,44,27-2-2018
1519747200,41,28-2-2018
1519833600,38,1-3-2018
1519920000,47,2-3-2018
1520006400,56,3-3-2018
1520092800,44,4-3-2018
1520179200,55,5-3-2018
1520265600,59,6-3-2018
1520352000,37,7-3-2018
1520438400,39,8-3-2018
1520524800,37,9-3-2018
1520611200,39,10-3-2018
1520697600,40,11-3-2018
1520784000,41,12-3-2018
1520870400,41,13-3-2018
1520956800,40,14-3-2018
1521043200,32,15-3-2018
1521129600,33,16-3-2018
1521216000,31,17-3-2018
1521302400,29,18-3-2018
1521388800,29,19-3-2018
1521475200,37,20-3-2018
1521561600,36,21-3-2018
1521648000,36,22-3-2018
1521734400,28,23-3-2018
1521820800,32,24-3-2018
1521907200,30,25-3-2018
1521993600,31,26-3-2018
1522080000,24,27-3-2018
1522166400,24,28-3-2018
1522252800,18,29-3-2018
1522339200,12,30-3-2018
1522425600,16,31-3-2018
1522512000,16,1-4-2018
1522598400,11,2-4-2018
1522684800,22,3-4-2018
1522771200,22,4-4-2018
1522857600,17,5-4-2018
1522944000,19,6-4-2018
1523030400,20,7-4-2018
1523116800,17,8-4-2018
1523203200,21,9-4-2018
1523289600,18,10-4-2018
1523376000,20,11-4-2018
1523462400,18,12-4-2018
1523548800,23,13-4-2018
1523894400,26,17-4-2018
1523980800,24,18-4-2018
1524067200,25,19-4-2018
1524153600,26,20-4-2018
1524240000,32,21-4-2018
1524326400,31,22-4-2018
1524412800,28,23-4-2018
1524499200,29,24-4-2018
1524585600,64,25-4-2018
1524672000,47,26-4-2018
1524758400,55,27-4-2018
1524844800,54,28-4-2018
1524931200,61,29-4-2018
1525017600,59,30-4-2018
1525104000,56,1-5-2018
1525190400,52,2-5-2018
1525276800,55,3-5-2018
1525363200,56,4-5-2018
1525449600,63,5-5-2018
1525536000,67,6-5-2018
1525622400,56,7-5-2018
1525708800,62,8-5-2018
1525795200,53,9-5-2018
1525881600,63,10-5-2018
1525968000,41,11-5-2018
1526054400,44,12-5-2018
1526140800,40,13-5-2018
1526227200,40,14-5-2018
1526313600,40,15-5-2018
1526400000,32,16-5-2018
1526486400,31,17-5-2018
1526572800,37,18-5-2018
1526659200,31,19-5-2018
1526745600,32,20-5-2018
1526832000,41,21-5-2018
1526918400,30,22-5-2018
1527004800,26,23-5-2018
1527091200,27,24-5-2018
1527177600,25,25-5-2018
1527264000,23,26-5-2018
1527350400,19,27-5-2018
1527436800,22,28-5-2018
1527523200,16,29-5-2018
1527609600,38,30-5-2018
1527696000,25,31-5-2018
1527782400,24,1-6-2018
1527868800,27,2-6-2018
1527955200,40,3-6-2018
1528041600,41,4-6-2018
1528128000,26,5-6-2018
1528214400,42,6-6-2018
1528300800,38,7-6-2018
1528387200,40,8-6-2018
1528473600,39,9-6-2018
1528560000,24,10-6-2018
1528646400,15,11-6-2018
1528732800,19,12-6-2018
1528819200,19,13-6-2018
1528905600,17,14-6-2018
1528992000,26,15-6-2018
1529078400,22,16-6-2018
1529164800,23,17-6-2018
1529251200,27,18-6-2018
1529337600,32,19-6-2018
1529424000,34,20-6-2018
1529510400,37,21-6-2018
1529596800,28,22-6-2018
1529683200,17,23-6-2018
1529769600,15,24-6-2018
1529856000,16,25-6-2018
1529942400,21,26-6-2018
1530028800,18,27-6-2018
1530115200,20,28-6-2018
1530201600,16,29-6-2018
1530288000,22,30-6-2018
1530374400,27,1-7-2018
1530460800,27,2-7-2018
1530547200,31,3-7-2018
1530633600,33,4-7-2018
1530720000,37,5-7-2018
1530806400,34,6-7-2018
1530892800,34,7-7-2018
1530979200,38,8-7-2018
1531065600,39,9-7-2018
1531152000,37,10-7-2018
1531238400,29,11-7-2018
1531324800,33,12-7-2018
1531411200,29,13-7-2018
1531497600,29,14-7-2018
1531584000,32,15-7-2018
1531670400,36,16-7-2018
1531756800,39,17-7-2018
1531843200,42,18-7-2018
1531929600,44,19-7-2018
1532016000,47,20-7-2018
1532102400,43,21-7-2018
1532188800,46,22-7-2018
1532275200,44,23-7-2018
1532361600,49,24-7-2018
1532448000,54,25-7-2018
1532534400,53,26-7-2018
1532620800,47,27-7-2018
1532707200,54,28-7-2018
1532793600,54,29-7-2018
1532880000,53,30-7-2018
1532966400,48,31-7-2018
1533052800,39,1-8-2018
1533139200,39,2-8-2018
1533225600,36,3-8-2018
1533312000,31,4-8-2018
1533398400,23,5-8-2018
1533484800,25,6-8-2018
1533571200,25,7-8-2018
1533657600,23,8-8-2018
1533744000,19,9-8-2018
1533830400,21,10-8-2018
1533916800,18,11-8-2018
1534003200,18,12-8-2018
1534089600,21,13-8-2018
1534176000,16,14-8-2018
1534262400,18,15-8-2018
1534348800,21,16-8-2018
1534435200,19,17-8-2018
1534521600,24,18-8-2018
1534608000,27,19-8-2018
1534694400,26,20-8-2018
1534780800,19,21-8-2018
1534867200,21,22-8-2018
1534953600,18,23-8-2018
1535040000,19,24-8-2018
1535126400,22,25-8-2018
1535212800,19,26-8-2018
1535299200,18,27-8-2018
1535385600,19,28-8-2018
1535472000,19,29-8-2018
1535558400,22,30-8-2018
1535644800,17,31-8-2018
1535731200,21,1-9-2018
1535817600,18,2-9-2018
1535904000,19,3-9-2018
1535990400,26,4-9-2018
1536076800,17,5-9-2018
1536163200,14,6-9-2018
1536249600,17,7-9-2018
1536336000,18,8-9-2018
1536422400,13,9-9-2018
1536508800,15,10-9-2018
1536595200,18,11-9-2018
1536681600,14,12-9-2018
1536768000,20,13-9-2018
1536854400,23,14-9-2018
1536940800,24,15-9-2018
1537027200,28,16-9-2018
1537113600,25,17-9-2018
1537200000,21,18-9-2018
1537286400,24,19-9-2018
1537372800,24,20-9-2018
1537459200,31,21-9-2018
1537545600,35,22-9-2018
1537632000,38,23-9-2018
1537718400,43,24-9-2018
1537804800,37,25-9-2018
1537891200,37,26-9-2018
1537977600,42,27-9-2018
1538064000,42,28-9-2018
1538150400,37,29-9-2018
1538236800,34,30-9-2018
1538323200,35,1-10-2018
1538409600,33,2-10-2018
1538496000,36,3-10-2018
1538582400,29,4-10-2018
1538668800,37,5-10-2018
1538755200,34,6-10-2018
1538841600,29,7-10-2018
1538928000,26,8-10-2018
1539014400,31,9-10-2018
1539100800,28,10-10-2018
1539187200,19,11-10-2018
1539273600,13,12-10-2018
1539360000,15,13-10-2018
1539446400,18,14-10-2018
1539532800,20,15-10-2018
1539619200,24,16-10-2018
1539705600,23,17-10-2018
1539792000,26,18-10-2018
1539878400,24,19-10-2018
1539964800,21,20-10-2018
1540051200,21,21-10-2018
1540137600,27,22-10-2018
1540224000,24,23-10-2018
1540310400,23,24-10-2018
1540396800,25,25-10-2018
1540483200,29,26-10-2018
1540569600,33,27-10-2018
1540656000,35,28-10-2018
1540742400,34,29-10-2018
1540828800,31,30-10-2018
1540915200,32,31-10-2018
1541001600,29,1-11-2018
1541088000,36,2-11-2018
1541174400,36,3-11-2018
1541260800,41,4-11-2018
1541347200,42,5-11-2018
1541433600,42,6-11-2018
1541520000,48,7-11-2018
1541606400,51,8-11-2018
1541692800,47,9-11-2018
1541779200,52,10-11-2018
1541865600,54,11-11-2018
1541952000,52,12-11-2018
1542038400,56,13-11-2018
1542124800,49,14-11-2018
1542211200,28,15-11-2018
1542297600,23,16-11-2018
1542384000,24,17-11-2018
1542470400,26,18-11-2018
1542556800,28,19-11-2018
1542643200,21,20-11-2018
1542729600,15,21-11-2018
1542816000,14,22-11-2018
1542902400,12,23-11-2018
1542988800,15,24-11-2018
1543075200,9,25-11-2018
1543161600,17,26-11-2018
1543248000,11,27-11-2018
1543334400,14,28-11-2018
1543420800,18,29-11-2018
1543507200,19,30-11-2018
1543593600,13,1-12-2018
1543680000,15,2-12-2018
1543766400,17,3-12-2018
1543852800,12,4-12-2018
1543939200,19,5-12-2018
1544025600,13,6-12-2018
1544112000,11,7-12-2018
1544198400,11,8-12-2018
1544284800,14,9-12-2018
1544371200,19,10-12-2018
1544457600,15,11-12-2018
1544544000,14,12-12-2018
1544630400,14,13-12-2018
1544716800,10,14-12-2018
1544803200,11,15-12-2018
1544889600,13,16-12-2018
1544976000,17,17-12-2018
1545062400,23,18-12-2018
1545148800,21,19-12-2018
1545235200,27,20-12-2018
1545321600,35,21-12-2018
1545408000,28,22-12-2018
1545494400,31,23-12-2018
1545580800,25,24-12-2018
1545667200,33,25-12-2018
1545753600,26,26-12-2018
1545840000,29,27-12-2018
1545926400,21,28-12-2018
1546012800,24,29-12-2018
1546099200,23,30-12-2018
1546185600,26,31-12-2018
1546272000,24,1-1-2019
1546358400,30,2-1-2019
1546444800,33,3-1-2019
1546531200,48,4-1-2019
1546617600,36,5-1-2019
1546704000,31,6-1-2019
1546790400,39,7-1-2019
1546876800,39,8-1-2019
1546963200,42,9-1-2019
1547049600,37,10-1-2019
1547136000,19,11-1-2019
1547222400,22,12-1-2019
1547308800,21,13-1-2019
1547395200,16,14-1-2019
1547481600,27,15-1-2019
1547568000,24,16-1-2019
1547654400,28,17-1-2019
1547740800,29,18-1-2019
1547827200,31,19-1-2019
1547913600,35,20-1-2019
1548000000,30,21-1-2019
1548086400,27,22-1-2019
1548172800,33,23-1-2019
1548259200,37,24-1-2019
1548345600,35,25-1-2019
1548432000,41,26-1-2019
1548518400,39,27-1-2019
1548604800,35,28-1-2019
1548691200,21,29-1-2019
1548777600,22,30-1-2019
1548864000,17,31-1-2019
1548950400,23,1-2-2019
1549036800,22,2-2-2019
1549123200,19,3-2-2019
1549209600,27,4-2-2019
1549296000,21,5-2-2019
1549382400,14,6-2-2019
1549468800,18,7-2-2019
1549555200,37,8-2-2019
1549641600,42,9-2-2019
1549728000,40,10-2-2019
1549814400,46,11-2-2019
1549900800,38,12-2-2019
1549987200,48,13-2-2019
1550073600,48,14-2-2019
1550160000,43,15-2-2019
1550246400,43,16-2-2019
1550332800,38,17-2-2019
1550419200,63,18-2-2019
1550505600,65,19-2-2019
1550592000,59,20-2-2019
1550678400,59,21-2-2019
1550764800,61,22-2-2019
1550851200,63,23-2-2019
1550937600,69,24-2-2019
1551024000,47,25-2-2019
1551110400,40,26-2-2019
1551196800,39,27-2-2019
1551283200,39,28-2-2019
1551369600,42,1-3-2019
1551456000,41,2-3-2019
1551542400,44,3-3-2019
1551628800,36,4-3-2019
1551715200,35,5-3-2019
1551801600,42,6-3-2019
1551888000,56,7-3-2019
1551974400,54,8-3-2019
1552060800,55,9-3-2019
1552147200,55,10-3-2019
1552233600,56,11-3-2019
1552320000,56,12-3-2019
1552406400,54,13-3-2019
1552492800,55,14-3-2019
1552579200,55,15-3-2019
1552665600,54,16-3-2019
1552752000,58,17-3-2019
1552838400,56,18-3-2019
1552924800,56,19-3-2019
1553011200,55,20-3-2019
1553097600,62,21-3-2019
1553184000,56,22-3-2019
1553270400,50,23-3-2019
1553356800,44,24-3-2019
1553443200,46,25-3-2019
1553529600,43,26-3-2019
1553616000,44,27-3-2019
1553702400,49,28-3-2019
1553788800,50,29-3-2019
1553875200,57,30-3-2019
1553961600,56,31-3-2019
1554048000,62,1-4-2019
1554134400,60,2-4-2019
1554220800,71,3-4-2019
1554307200,61,4-4-2019
1554393600,59,5-4-2019
1554480000,65,6-4-2019
1554566400,69,7-4-2019
1554652800,65,8-4-2019
1554739200,64,9-4-2019
1554825600,62,10-4-2019
1554912000,65,11-4-2019
1554998400,42,12-4-2019
1555084800,62,13-4-2019
1555171200,51,14-4-2019
1555257600,60,15-4-2019
1555344000,50,16-4-2019
1555430400,61,17-4-2019
1555516800,64,18-4-2019
1555603200,61,19-4-2019
1555689600,62,20-4-2019
1555776000,62,21-4-2019
1555862400,61,22-4-2019
1555948800,68,23-4-2019
1556035200,65,24-4-2019
1556121600,58,25-4-2019
1556208000,41,26-4-2019
1556294400,42,27-4-2019
1556380800,40,28-4-2019
1556467200,42,29-4-2019
1556553600,42,30-4-2019
1556640000,51,1-5-2019
1556726400,50,2-5-2019
1556812800,63,3-5-2019
1556899200,66,4-5-2019
1556985600,67,5-5-2019
1557072000,57,6-5-2019
1557158400,69,7-5-2019
1557244800,63,8-5-2019
1557331200,69,9-5-2019
1557417600,71,10-5-2019
1557504000,76,11-5-2019
1557590400,75,12-5-2019
1557676800,78,13-5-2019
1557763200,78,14-5-2019
1557849600,77,15-5-2019
1557936000,75,16-5-2019
1558022400,65,17-5-2019
1558108800,67,18-5-2019
1558195200,70,19-5-2019
1558281600,73,20-5-2019
1558368000,68,21-5-2019
1558454400,69,22-5-2019
1558540800,65,23-5-2019
1558627200,64,24-5-2019
1558713600,69,25-5-2019
1558800000,67,26-5-2019
1558886400,70,27-5-2019
1558972800,71,28-5-2019
1559059200,71,29-5-2019
1559145600,73,30-5-2019
1559232000,61,31-5-2019
1559318400,62,1-6-2019
1559404800,63,2-6-2019
1559491200,66,3-6-2019
1559577600,42,4-6-2019
1559664000,27,5-6-2019
1559750400,34,6-6-2019
1559836800,27,7-6-2019
1559923200,62,8-6-2019
1560009600,62,9-6-2019
1560096000,46,10-6-2019
1560182400,61,11-6-2019
1560268800,60,12-6-2019
1560355200,63,13-6-2019
1560441600,67,14-6-2019
1560528000,75,15-6-2019
1560614400,80,16-6-2019
1560700800,84,17-6-2019
1560787200,83,18-6-2019
1560873600,82,19-6-2019
1560960000,81,20-6-2019
1561046400,84,21-6-2019
1561132800,83,22-6-2019
1561219200,84,23-6-2019
1561305600,80,24-6-2019
1561392000,87,25-6-2019
1561478400,95,26-6-2019
1561564800,92,27-6-2019
1561651200,62,28-6-2019
1561737600,74,29-6-2019
1561824000,78,30-6-2019
1561910400,65,1-7-2019
1561996800,63,2-7-2019
1562083200,79,3-7-2019
1562169600,76,4-7-2019
1562256000,67,5-7-2019
1562342400,72,6-7-2019
1562428800,67,7-7-2019
1562515200,74,8-7-2019
1562601600,84,9-7-2019
1562688000,83,10-7-2019
1562774400,62,11-7-2019
1562860800,33,12-7-2019
1562947200,65,13-7-2019
1563033600,61,14-7-2019
1563120000,16,15-7-2019
1563206400,34,16-7-2019
1563292800,19,17-7-2019
1563379200,40,18-7-2019
1563465600,42,19-7-2019
1563552000,34,20-7-2019
1563638400,42,21-7-2019
1563724800,42,22-7-2019
1563811200,40,23-7-2019
1563897600,20,24-7-2019
1563984000,42,25-7-2019
1564070400,24,26-7-2019
1564156800,47,27-7-2019
1564243200,16,28-7-2019
1564329600,19,29-7-2019
1564416000,22,30-7-2019
1564502400,31,31-7-2019
1564588800,57,1-8-2019
1564675200,61,2-8-2019
1564761600,61,3-8-2019
1564848000,62,4-8-2019
1564934400,64,5-8-2019
1565020800,66,6-8-2019
1565107200,45,7-8-2019
1565193600,61,8-8-2019
1565280000,60,9-8-2019
1565366400,59,10-8-2019
1565452800,45,11-8-2019
1565539200,48,12-8-2019
1565625600,45,13-8-2019
1565712000,11,14-8-2019
1565798400,13,15-8-2019
1565884800,31,16-8-2019
1565971200,20,17-8-2019
1566057600,14,18-8-2019
1566144000,30,19-8-2019
1566230400,39,20-8-2019
1566316800,11,21-8-2019
1566403200,5,22-8-2019
1566489600,33,23-8-2019
1566576000,39,24-8-2019
1566662400,33,25-8-2019
1566748800,41,26-8-2019
1566835200,30,27-8-2019
1566921600,32,28-8-2019
1567008000,20,29-8-2019
1567094400,24,30-8-2019
1567180800,20,31-8-2019
1567267200,24,1-9-2019
1567353600,28,2-9-2019
1567440000,41,3-9-2019
1567526400,43,4-9-2019
1567612800,41,5-9-2019
1567699200,43,6-9-2019
1567785600,39,7-9-2019
1567872000,43,8-9-2019
1567958400,41,9-9-2019
1568044800,41,10-9-2019
1568131200,38,11-9-2019
1568217600,39,12-9-2019
1568304000,38,13-9-2019
1568390400,39,14-9-2019
1568476800,38,15-9-2019
1568563200,38,16-9-2019
1568649600,41,17-9-2019
1568736000,38,18-9-2019
1568822400,31,19-9-2019
1568908800,41,20-9-2019
1568995200,37,21-9-2019
1569081600,37,22-9-2019
1569168000,41,23-9-2019
1569254400,39,24-9-2019
1569340800,15,25-9-2019
1569427200,12,26-9-2019
1569513600,24,27-9-2019
1569600000,32,28-9-2019
1569686400,33,29-9-2019
1569772800,27,30-9-2019
1569859200,38,1-10-2019
1569945600,39,2-10-2019
1570032000,37,3-10-2019
1570118400,30,4-10-2019
1570204800,31,5-10-2019
1570291200,32,6-10-2019
1570377600,27,7-10-2019
1570464000,39,8-10-2019
1570550400,37,9-10-2019
1570636800,41,10-10-2019
1570723200,39,11-10-2019
1570809600,38,12-10-2019
1570896000,38,13-10-2019
1570982400,37,14-10-2019
1571068800,39,15-10-2019
1571155200,40,16-10-2019
1571241600,40,17-10-2019
1571328000,40,18-10-2019
1571414400,41,19-10-2019
1571500800,37,20-10-2019
1571587200,37,21-10-2019
1571673600,39,22-10-2019
1571760000,33,23-10-2019
1571846400,20,24-10-2019
1571932800,24,25-10-2019
1572019200,53,26-10-2019
1572105600,50,27-10-2019
1572192000,52,28-10-2019
1572278400,54,29-10-2019
1572364800,53,30-10-2019
1572451200,50,31-10-2019
1572537600,49,1-11-2019
1572624000,51,2-11-2019
1572710400,56,3-11-2019
1572796800,49,4-11-2019
1572883200,54,5-11-2019
1572969600,53,6-11-2019
1573056000,54,7-11-2019
1573142400,42,8-11-2019
1573228800,38,9-11-2019
1573315200,39,10-11-2019
1573401600,40,11-11-2019
1573488000,39,12-11-2019
1573574400,38,13-11-2019
1573660800,41,14-11-2019
1573747200,38,15-11-2019
1573833600,41,16-11-2019
1573920000,38,17-11-2019
1574006400,38,18-11-2019
1574092800,32,19-11-2019
1574179200,32,20-11-2019
1574265600,30,21-11-2019
1574352000,20,22-11-2019
1574438400,23,23-11-2019
1574524800,21,24-11-2019
1574611200,17,25-11-2019
1574697600,21,26-11-2019
1574784000,20,27-11-2019
1574870400,32,28-11-2019
1574956800,31,29-11-2019
1575043200,38,30-11-2019
1575129600,25,1-12-2019
1575216000,28,2-12-2019
1575302400,28,3-12-2019
1575388800,24,4-12-2019
1575475200,21,5-12-2019
1575561600,29,6-12-2019
1575648000,32,7-12-2019
1575734400,28,8-12-2019
1575820800,32,9-12-2019
1575907200,26,10-12-2019
1575993600,20,11-12-2019
1576080000,23,12-12-2019
1576166400,22,13-12-2019
1576252800,27,14-12-2019
1576339200,21,15-12-2019
1576425600,24,16-12-2019
1576512000,23,17-12-2019
1576598400,15,18-12-2019
1576684800,21,19-12-2019
1576771200,23,20-12-2019
1576857600,23,21-12-2019
1576944000,20,22-12-2019
1577030400,33,23-12-2019
1577116800,25,24-12-2019
1577203200,22,25-12-2019
1577289600,39,26-12-2019
1577376000,38,27-12-2019
1577462400,37,28-12-2019
1577548800,37,29-12-2019
1577635200,40,30-12-2019
1577721600,38,31-12-2019
1577808000,37,1-1-2020
1577894400,39,2-1-2020
1577980800,38,3-1-2020
1578067200,38,4-1-2020
1578153600,39,5-1-2020
1578240000,41,6-1-2020
1578326400,40,7-1-2020
1578412800,51,8-1-2020
1578499200,44,9-1-2020
1578585600,41,10-1-2020
1578672000,50,11-1-2020
1578758400,45,12-1-2020
1578844800,49,13-1-2020
1578931200,56,14-1-2020
1579017600,54,15-1-2020
1579104000,55,16-1-2020
1579190400,54,17-1-2020
1579276800,51,18-1-2020
1579363200,53,19-1-2020
1579449600,48,20-1-2020
1579536000,49,21-1-2020
1579622400,52,22-1-2020
1579708800,49,23-1-2020
1579795200,40,24-1-2020
1579881600,41,25-1-2020
1579968000,42,26-1-2020
1580054400,50,27-1-2020
1580140800,54,28-1-2020
1580227200,57,29-1-2020
1580313600,57,30-1-2020
1580400000,55,31-1-2020
1580486400,57,1-2-2020
1580572800,57,2-2-2020
1580659200,59,3-2-2020
1580745600,56,4-2-2020
1580832000,53,5-2-2020
1580918400,61,6-2-2020
1581004800,56,7-2-2020
1581091200,56,8-2-2020
1581177600,56,9-2-2020
1581264000,57,10-2-2020
1581350400,52,11-2-2020
1581436800,61,12-2-2020
1581523200,65,13-2-2020
1581609600,63,14-2-2020
1581696000,64,15-2-2020
1581782400,59,16-2-2020
1581868800,49,17-2-2020
1581955200,53,18-2-2020
1582041600,50,19-2-2020
1582128000,44,20-2-2020
1582214400,44,21-2-2020
1582300800,43,22-2-2020
1582387200,46,23-2-2020
1582473600,46,24-2-2020
1582560000,44,25-2-2020
1582646400,41,26-2-2020
1582732800,39,27-2-2020
1582819200,40,28-2-2020
1582905600,38,29-2-2020
1582992000,39,1-3-2020
1583078400,38,2-3-2020
1583164800,38,3-3-2020
1583251200,40,4-3-2020
1583337600,41,5-3-2020
1583424000,39,6-3-2020
1583510400,38,7-3-2020
1583596800,33,8-3-2020
1583683200,17,9-3-2020
1583769600,16,10-3-2020
1583856000,17,11-3-2020
1583942400,14,12-3-2020
1584028800,10,13-3-2020
1584115200,8,14-3-2020
1584201600,12,15-3-2020
1584288000,9,16-3-2020
1584374400,8,17-3-2020
1584460800,11,18-3-2020
1584547200,12,19-3-2020
1584633600,9,20-3-2020
1584720000,9,21-3-2020
1584806400,11,22-3-2020
1584892800,10,23-3-2020
1584979200,12,24-3-2020
1585065600,13,25-3-2020
1585152000,14,26-3-2020
1585238400,12,27-3-2020
1585324800,8,28-3-2020
1585411200,12,29-3-2020
1585497600,10,30-3-2020
1585584000,12,31-3-2020
1585670400,12,1-4-2020
1585756800,14,2-4-2020
1585843200,14,3-4-2020
1585929600,12,4-4-2020
1586016000,12,5-4-2020
1586102400,12,6-4-2020
1586188800,20,7-4-2020
1586275200,21,8-4-2020
1586361600,22,9-4-2020
1586448000,15,10-4-2020
1586534400,15,11-4-2020
1586620800,10,12-4-2020
1586707200,11,13-4-2020
1586793600,15,14-4-2020
1586880000,18,15-4-2020
1586966400,13,16-4-2020
1587052800,15,17-4-2020
1587139200,18,18-4-2020
1587225600,16,19-4-2020
1587312000,15,20-4-2020
1587398400,17,21-4-2020
1587484800,19,22-4-2020
1587571200,19,23-4-2020
1587657600,20,24-4-2020
1587744000,24,25-4-2020
1587830400,21,26-4-2020
1587916800,28,27-4-2020
1588003200,26,28-4-2020
1588089600,26,29-4-2020
1588176000,44,30-4-2020
1588262400,40,1-5-2020
1588348800,40,2-5-2020
1588435200,45,3-5-2020
1588521600,44,4-5-2020
1588608000,40,5-5-2020
1588694400,42,6-5-2020
1588780800,49,7-5-2020
1588867200,55,8-5-2020
1588953600,56,9-5-2020
1589040000,48,10-5-2020
1589126400,40,11-5-2020
1589212800,39,12-5-2020
1589299200,41,13-5-2020
1589385600,40,14-5-2020
1589472000,44,15-5-2020
1589558400,41,16-5-2020
1589644800,40,17-5-2020
1589731200,50,18-5-2020
1589817600,50,19-5-2020
1589904000,52,20-5-2020
1589990400,49,21-5-2020
1590076800,42,22-5-2020
1590163200,40,23-5-2020
1590249600,43,24-5-2020
1590336000,41,25-5-2020
1590422400,39,26-5-2020
1590508800,39,27-5-2020
1590595200,41,28-5-2020
1590681600,48,29-5-2020
1590768000,48,30-5-2020
1590854400,51,31-5-2020
1590940800,50,1-6-2020
1591027200,56,2-6-2020
1591113600,48,3-6-2020
1591200000,54,4-6-2020
1591286400,53,5-6-2020
1591372800,54,6-6-2020
1591459200,54,7-6-2020
1591545600,53,8-6-2020
1591632000,52,9-6-2020
1591718400,54,10-6-2020
1591804800,52,11-6-2020
1591891200,38,12-6-2020
1591977600,38,13-6-2020
1592064000,40,14-6-2020
1592150400,37,15-6-2020
1592236800,39,16-6-2020
1592323200,38,17-6-2020
1592409600,40,18-6-2020
1592496000,39,19-6-2020
1592582400,38,20-6-2020
1592668800,37,21-6-2020
1592755200,38,22-6-2020
1592841600,41,23-6-2020
1592928000,50,24-6-2020
1593014400,43,25-6-2020
1593100800,40,26-6-2020
1593187200,43,27-6-2020
1593273600,40,28-6-2020
1593360000,41,29-6-2020
1593446400,44,30-6-2020
1593532800,42,1-7-2020
1593619200,42,2-7-2020
1593705600,41,3-7-2020
1593792000,40,4-7-2020
1593878400,38,5-7-2020
1593964800,40,6-7-2020
1594051200,43,7-7-2020
1594137600,44,8-7-2020
1594224000,44,9-7-2020
1594310400,41,10-7-2020
1594396800,44,11-7-2020
1594483200,41,12-7-2020
1594569600,43,13-7-2020
1594656000,43,14-7-2020
1594742400,44,15-7-2020
1594828800,43,16-7-2020
1594915200,41,17-7-2020
1595001600,44,18-7-2020
1595088000,41,19-7-2020
1595174400,44,20-7-2020
1595260800,44,21-7-2020
1595347200,50,22-7-2020
1595433600,55,23-7-2020
1595520000,53,24-7-2020
1595606400,55,25-7-2020
1595692800,55,26-7-2020
1595779200,58,27-7-2020
1595865600,76,28-7-2020
1595952000,71,29-7-2020
1596038400,76,30-7-2020
1596124800,75,31-7-2020
1596211200,75,1-8-2020
1596297600,80,2-8-2020
1596384000,75,3-8-2020
1596470400,72,4-8-2020
1596556800,75,5-8-2020
1596643200,79,6-8-2020
1596729600,77,7-8-2020
1596816000,77,8-8-2020
1596902400,79,9-8-2020
1596988800,78,10-8-2020
1597075200,84,11-8-2020
1597161600,75,12-8-2020
1597248000,75,13-8-2020
1597334400,78,14-8-2020
1597420800,79,15-8-2020
1597507200,82,16-8-2020
1597593600,83,17-8-2020
1597680000,82,18-8-2020
1597766400,80,19-8-2020
1597852800,75,20-8-2020
1597939200,81,21-8-2020
1598025600,78,22-8-2020
1598112000,76,23-8-2020
1598198400,78,24-8-2020
1598284800,75,25-8-2020
1598371200,76,26-8-2020
1598457600,75,27-8-2020
1598544000,74,28-8-2020
1598630400,79,29-8-2020
1598716800,75,30-8-2020
1598803200,75,31-8-2020
1598889600,75,1-9-2020
1598976000,83,2-9-2020
1599062400,79,3-9-2020
1599148800,40,4-9-2020
1599235200,41,5-9-2020
1599321600,41,6-9-2020
1599408000,41,7-9-2020
1599494400,41,8-9-2020
1599580800,38,9-9-2020
1599667200,38,10-9-2020
1599753600,41,11-9-2020
1599840000,41,12-9-2020
1599926400,38,13-9-2020
1600012800,39,14-9-2020
1600099200,47,15-9-2020
1600185600,43,16-9-2020
1600272000,48,17-9-2020
1600358400,49,18-9-2020
1600444800,48,19-9-2020
1600531200,52,20-9-2020
1600617600,48,21-9-2020
1600704000,39,22-9-2020
1600790400,43,23-9-2020
1600876800,39,24-9-2020
1600963200,46,25-9-2020
1601049600,45,26-9-2020
1601136000,47,27-9-2020
1601222400,43,28-9-2020
1601308800,45,29-9-2020
1601395200,49,30-9-2020
1601481600,45,1-10-2020
1601568000,41,2-10-2020
1601654400,40,3-10-2020
1601740800,42,4-10-2020
1601827200,42,5-10-2020
1601913600,47,6-10-2020
1602000000,43,7-10-2020
1602086400,46,8-10-2020
1602172800,48,9-10-2020
1602259200,53,10-10-2020
1602345600,55,11-10-2020
1602432000,52,12-10-2020
1602518400,56,13-10-2020
1602604800,53,14-10-2020
1602691200,56,15-10-2020
1602777600,52,16-10-2020
1602864000,56,17-10-2020
1602950400,55,18-10-2020
1603036800,55,19-10-2020
1603123200,56,20-10-2020
1603209600,61,21-10-2020
1603296000,73,22-10-2020
1603382400,74,23-10-2020
1603468800,73,24-10-2020
1603555200,76,25-10-2020
1603641600,75,26-10-2020
1603728000,61,27-10-2020
1603814400,70,28-10-2020
1603900800,67,29-10-2020
1603987200,74,30-10-2020
1604073600,73,31-10-2020
1604160000,72,1-11-2020
1604246400,71,2-11-2020
1604332800,71,3-11-2020
1604419200,74,4-11-2020
1604505600,72,5-11-2020
1604592000,90,6-11-2020
1604678400,88,7-11-2020
1604764800,82,8-11-2020
1604851200,90,9-11-2020
1604937600,90,10-11-2020
1605024000,86,11-11-2020
1605110400,87,12-11-2020
1605196800,89,13-11-2020
1605283200,90,14-11-2020
1605369600,86,15-11-2020
1605456000,90,16-11-2020
1605542400,86,17-11-2020
1605628800,91,18-11-2020
1605715200,94,19-11-2020
1605801600,86,20-11-2020
1605888000,91,21-11-2020
1605974400,94,22-11-2020
1606060800,90,23-11-2020
1606147200,88,24-11-2020
1606233600,94,25-11-2020
1606320000,93,26-11-2020
1606406400,86,27-11-2020
1606492800,87,28-11-2020
1606579200,89,29-11-2020
1606665600,88,30-11-2020
1606752000,95,1-12-2020
1606838400,92,2-12-2020
1606924800,92,3-12-2020
1607011200,92,4-12-2020
1607097600,93,5-12-2020
1607184000,95,6-12-2020
1607270400,94,7-12-2020
1607356800,95,8-12-2020
1607443200,86,9-12-2020
1607529600,94,10-12-2020
1607616000,89,11-12-2020
1607702400,90,12-12-2020
1607788800,91,13-12-2020
1607875200,95,14-12-2020
1607961600,91,15-12-2020
1608048000,92,16-12-2020
1608134400,92,17-12-2020
1608220800,95,18-12-2020
1608307200,93,19-12-2020
1608393600,92,20-12-2020
1608480000,92,21-12-2020
1608566400,88,22-12-2020
1608652800,93,23-12-2020
1608739200,86,24-12-2020
1608825600,94,25-12-2020
1608912000,93,26-12-2020
1608998400,91,27-12-2020
1609084800,92,28-12-2020
1609171200,91,29-12-2020
1609257600,91,30-12-2020
1609344000,95,31-12-2020
1609430400,94,1-1-2021
1609516800,94,2-1-2021
1609603200,93,3-1-2021
1609689600,94,4-1-2021
1609776000,93,5-1-2021
1609862400,95,6-1-2021
1609948800,91,7-1-2021
1610035200,93,8-1-2021
1610121600,93,9-1-2021
1610208000,94,10-1-2021
1610294400,90,11-1-2021
1610380800,84,12-1-2021
1610467200,78,13-1-2021
1610553600,83,14-1-2021
1610640000,88,15-1-2021
1610726400,84,16-1-2021
1610812800,79,17-1-2021
1610899200,79,18-1-2021
1610985600,80,19-1-2021
1611072000,78,20-1-2021
1611158400,75,21-1-2021
1611244800,40,22-1-2021
1611331200,74,23-1-2021
1611417600,70,24-1-2021
1611504000,74,25-1-2021
1611590400,71,26-1-2021
1611676800,78,27-1-2021
1611763200,55,28-1-2021
1611849600,77,29-1-2021
1611936000,76,30-1-2021
1612022400,78,31-1-2021
1612108800,77,1-2-2021
1612195200,76,2-2-2021
1612281600,78,3-2-2021
1612368000,80,4-2-2021
1612454400,81,5-2-2021
1612540800,84,6-2-2021
1612627200,86,7-2-2021
1612713600,83,8-2-2021
1612800000,95,9-2-2021
1612886400,92,10-2-2021
1612972800,93,11-2-2021
1613059200,92,12-2-2021
1613145600,92,13-2-2021
1613232000,95,14-2-2021
1613318400,93,15-2-2021
1613404800,95,16-2-2021
1613491200,95,17-2-2021
1613577600,91,18-2-2021
1613664000,93,19-2-2021
1613750400,91,20-2-2021
1613836800,91,21-2-2021
1613923200,94,22-2-2021
1614009600,94,23-2-2021
1614096000,76,24-2-2021
1614182400,79,25-2-2021
1614268800,55,26-2-2021
1614355200,56,27-2-2021
1614441600,55,28-2-2021
1614528000,38,1-3-2021
1614614400,78,2-3-2021
1614700800,78,3-3-2021
1614787200,84,4-3-2021
1614873600,77,5-3-2021
1614960000,77,6-3-2021
1615046400,76,7-3-2021
1615132800,81,8-3-2021
1615219200,81,9-3-2021
1615305600,68,10-3-2021
1615392000,73,11-3-2021
1615478400,70,12-3-2021
1615564800,74,13-3-2021
1615651200,78,14-3-2021
1615737600,76,15-3-2021
1615824000,71,16-3-2021
1615910400,71,17-3-2021
1615996800,72,18-3-2021
1616083200,71,19-3-2021
1616169600,75,20-3-2021
1616256000,73,21-3-2021
1616342400,70,22-3-2021
1616428800,66,23-3-2021
1616515200,65,24-3-2021
1616601600,60,25-3-2021
1616688000,54,26-3-2021
1616774400,65,27-3-2021
1616860800,74,28-3-2021
1616947200,72,29-3-2021
1617033600,72,30-3-2021
1617120000,76,31-3-2021
1617206400,74,1-4-2021
1617292800,74,2-4-2021
1617379200,73,3-4-2021
1617465600,74,4-4-2021
1617552000,71,5-4-2021
1617638400,75,6-4-2021
1617724800,72,7-4-2021
1617811200,73,8-4-2021
1617897600,70,9-4-2021
1617984000,70,10-4-2021
1618070400,76,11-4-2021
1618156800,74,12-4-2021
1618243200,74,13-4-2021
1618329600,75,14-4-2021
1618416000,79,15-4-2021
1618502400,78,16-4-2021
1618588800,76,17-4-2021
1618675200,79,18-4-2021
1618761600,74,19-4-2021
1618848000,73,20-4-2021
1618934400,73,21-4-2021
1619020800,65,22-4-2021
1619107200,55,23-4-2021
1619193600,37,24-4-2021
1619280000,31,25-4-2021
1619366400,27,26-4-2021
1619452800,50,27-4-2021
1619539200,59,28-4-2021
1619625600,52,29-4-2021
1619712000,51,30-4-2021
1619798400,68,1-5-2021
1619884800,66,2-5-2021
1619971200,61,3-5-2021
1620057600,68,4-5-2021
1620144000,48,5-5-2021
1620230400,65,6-5-2021
1620316800,64,7-5-2021
1620403200,67,8-5-2021
1620489600,73,9-5-2021
1620576000,72,10-5-2021
1620662400,61,11-5-2021
1620748800,68,12-5-2021
1620835200,31,13-5-2021
1620921600,26,14-5-2021
1621008000,27,15-5-2021
1621094400,20,16-5-2021
1621180800,27,17-5-2021
1621267200,21,18-5-2021
1621353600,23,19-5-2021
1621440000,11,20-5-2021
1621526400,19,21-5-2021
1621612800,12,22-5-2021
1621699200,14,23-5-2021
1621785600,10,24-5-2021
1621872000,22,25-5-2021
1621958400,22,26-5-2021
1622044800,27,27-5-2021
1622131200,21,28-5-2021
1622217600,18,29-5-2021
1622304000,10,30-5-2021
1622390400,18,31-5-2021
1622476800,20,1-6-2021
1622563200,23,2-6-2021
1622649600,24,3-6-2021
1622736000,27,4-6-2021
1622822400,24,5-6-2021
1622908800,17,6-6-2021
1622995200,15,7-6-2021
1623081600,13,8-6-2021
1623168000,14,9-6-2021
1623254400,21,10-6-2021
1623340800,21,11-6-2021
1623427200,28,12-6-2021
1623513600,23,13-6-2021
1623600000,28,14-6-2021
1623686400,38,15-6-2021
1623772800,33,16-6-2021
1623859200,26,17-6-2021
1623945600,25,18-6-2021
1624032000,23,19-6-2021
1624118400,21,20-6-2021
1624204800,23,21-6-2021
1624291200,10,22-6-2021
1624377600,14,23-6-2021
1624464000,22,24-6-2021
1624550400,27,25-6-2021
1624636800,20,26-6-2021
1624723200,22,27-6-2021
1624809600,25,28-6-2021
1624896000,25,29-6-2021
1624982400,28,30-6-2021
1625068800,28,1-7-2021
1625155200,21,2-7-2021
1625241600,24,3-7-2021
1625328000,27,4-7-2021
1625414400,29,5-7-2021
1625500800,20,6-7-2021
1625587200,28,7-7-2021
1625673600,20,8-7-2021
1625760000,20,9-7-2021
1625846400,20,10-7-2021
1625932800,20,11-7-2021
1626019200,25,12-7-2021
1626105600,20,13-7-2021
1626192000,21,14-7-2021
1626278400,20,15-7-2021
1626364800,22,16-7-2021
1626451200,15,17-7-2021
1626537600,19,18-7-2021
1626624000,24,19-7-2021
1626710400,19,20-7-2021
1626796800,10,21-7-2021
1626883200,21,22-7-2021
1626969600,23,23-7-2021
1627056000,22,24-7-2021
1627142400,27,25-7-2021
1627228800,26,26-7-2021
1627315200,32,27-7-2021
1627401600,50,28-7-2021
1627488000,50,29-7-2021
1627574400,53,30-7-2021
1627660800,60,31-7-2021
1627747200,60,1-8-2021
1627833600,48,2-8-2021
1627920000,48,3-8-2021
1628006400,42,4-8-2021
1628092800,50,5-8-2021
1628179200,52,6-8-2021
1628265600,69,7-8-2021
1628352000,74,8-8-2021
1628438400,65,9-8-2021
1628524800,71,10-8-2021
1628611200,70,11-8-2021
1628697600,70,12-8-2021
1628784000,70,13-8-2021
1628870400,76,14-8-2021
1628956800,71,15-8-2021
1629043200,72,16-8-2021
1629129600,72,17-8-2021
1629216000,73,18-8-2021
1629302400,70,19-8-2021
1629388800,70,20-8-2021
1629475200,78,21-8-2021
1629561600,76,22-8-2021
1629648000,79,23-8-2021
1629734400,79,24-8-2021
1629820800,73,25-8-2021
1629907200,75,26-8-2021
1629993600,71,27-8-2021
1630080000,78,28-8-2021
1630166400,72,29-8-2021
1630252800,73,30-8-2021
1630339200,73,31-8-2021
1630425600,71,1-9-2021
1630512000,74,2-9-2021
1630598400,74,3-9-2021
1630684800,72,4-9-2021
1630771200,73,5-9-2021
1630857600,79,6-9-2021
1630944000,79,7-9-2021
1631030400,47,8-9-2021
1631116800,45,9-9-2021
1631203200,46,10-9-2021
1631289600,31,11-9-2021
1631376000,32,12-9-2021
1631462400,44,13-9-2021
1631548800,30,14-9-2021
1631635200,49,15-9-2021
1631721600,53,16-9-2021
1631808000,48,17-9-2021
1631894400,50,18-9-2021
1631980800,53,19-9-2021
1632067200,50,20-9-2021
1632153600,27,21-9-2021
1632240000,21,22-9-2021
1632326400,27,23-9-2021
1632412800,33,24-9-2021
1632499200,28,25-9-2021
1632585600,27,26-9-2021
1632672000,26,27-9-2021
1632758400,25,28-9-2021
1632844800,24,29-9-2021
1632931200,20,30-9-2021
1633017600,27,1-10-2021
1633104000,54,2-10-2021
1633190400,49,3-10-2021
1633276800,54,4-10-2021
1633363200,59,5-10-2021
1633449600,68,6-10-2021
1633536000,76,7-10-2021
1633622400,74,8-10-2021
1633708800,72,9-10-2021
1633795200,71,10-10-2021
1633881600,71,11-10-2021
1633968000,78,12-10-2021
1634054400,70,13-10-2021
1634140800,70,14-10-2021
1634227200,71,15-10-2021
1634313600,78,16-10-2021
1634400000,79,17-10-2021
1634486400,78,18-10-2021
1634572800,75,19-10-2021
1634659200,82,20-10-2021
1634745600,84,21-10-2021
1634832000,75,22-10-2021
1634918400,74,23-10-2021
1635004800,73,24-10-2021
1635091200,72,25-10-2021
1635177600,76,26-10-2021
1635264000,73,27-10-2021
1635350400,66,28-10-2021
1635436800,70,29-10-2021
1635523200,73,30-10-2021
1635609600,74,31-10-2021
1635696000,74,1-11-2021
1635782400,73,2-11-2021
1635868800,76,3-11-2021
1635955200,73,4-11-2021
1636041600,73,5-11-2021
1636128000,71,6-11-2021
1636214400,73,7-11-2021
1636300800,75,8-11-2021
1636387200,84,9-11-2021
1636473600,75,10-11-2021
1636560000,77,11-11-2021
1636646400,74,12-11-2021
1636732800,72,13-11-2021
1636819200,74,14-11-2021
1636905600,72,15-11-2021
1636992000,71,16-11-2021
1637078400,52,17-11-2021
1637164800,54,18-11-2021
1637251200,34,19-11-2021
1637337600,43,20-11-2021
1637424000,49,21-11-2021
1637510400,50,22-11-2021
1637596800,33,23-11-2021
1637683200,42,24-11-2021
1637769600,32,25-11-2021
1637856000,47,26-11-2021
1637942400,21,27-11-2021
1638028800,27,28-11-2021
1638115200,33,29-11-2021
1638201600,40,30-11-2021
1638288000,34,1-12-2021
1638374400,32,2-12-2021
1638460800,31,3-12-2021
1638547200,25,4-12-2021
1638633600,18,5-12-2021
1638720000,16,6-12-2021
1638806400,25,7-12-2021
1638892800,28,8-12-2021
1638979200,29,9-12-2021
1639065600,24,10-12-2021
1639152000,16,11-12-2021
1639238400,27,12-12-2021
1639324800,28,13-12-2021
1639411200,21,14-12-2021
1639497600,28,15-12-2021
1639584000,29,16-12-2021
1639670400,23,17-12-2021
1639756800,24,18-12-2021
1639843200,29,19-12-2021
1639929600,25,20-12-2021
1640016000,27,21-12-2021
1640102400,45,22-12-2021
1640188800,34,23-12-2021
1640275200,41,24-12-2021
1640361600,39,25-12-2021
1640448000,37,26-12-2021
1640534400,40,27-12-2021
1640620800,41,28-12-2021
1640707200,27,29-12-2021
1640793600,22,30-12-2021
1640880000,28,31-12-2021
1640966400,21,1-1-2022
1641052800,29,2-1-2022
1641139200,29,3-1-2022
1641225600,23,4-1-2022
1641312000,24,5-1-2022
1641398400,15,6-1-2022
1641484800,18,7-1-2022
1641571200,10,8-1-2022
1641657600,23,9-1-2022
1641744000,23,10-1-2022
1641830400,21,11-1-2022
1641916800,22,12-1-2022
1642003200,21,13-1-2022
1642089600,21,14-1-2022
1642176000,23,15-1-2022
1642262400,21,16-1-2022
1642348800,22,17-1-2022
1642435200,24,18-1-2022
1642521600,24,19-1-2022
1642608000,24,20-1-2022
1642694400,19,21-1-2022
1642780800,13,22-1-2022
1642867200,11,23-1-2022
1642953600,13,24-1-2022
1643040000,12,25-1-2022
1643126400,23,26-1-2022
1643212800,20,27-1-2022
1643299200,24,28-1-2022
1643385600,24,29-1-2022
1643472000,29,30-1-2022
1643558400,20,31-1-2022
1643644800,26,1-2-2022
1643731200,28,2-2-2022
1643817600,20,3-2-2022
1643904000,20,4-2-2022
1643990400,33,5-2-2022
1644076800,37,6-2-2022
1644163200,45,7-2-2022
1644249600,48,8-2-2022
1644336000,54,9-2-2022
1644422400,50,10-2-2022
1644508800,50,11-2-2022
1644595200,44,12-2-2022
1644681600,44,13-2-2022
1644768000,46,14-2-2022
1644854400,46,15-2-2022
1644940800,51,16-2-2022
1645027200,52,17-2-2022
1645113600,30,18-2-2022
1645200000,25,19-2-2022
1645286400,27,20-2-2022
1645372800,25,21-2-2022
1645459200,20,22-2-2022
1645545600,25,23-2-2022
1645632000,23,24-2-2022
1645718400,27,25-2-2022
1645804800,26,26-2-2022
1645891200,26,27-2-2022
1645977600,20,28-2-2022
1646064000,51,1-3-2022
1646150400,52,2-3-2022
1646236800,39,3-3-2022
1646323200,33,4-3-2022
1646409600,22,5-3-2022
1646496000,22,6-3-2022
1646582400,23,7-3-2022
1646668800,21,8-3-2022
1646755200,22,9-3-2022
1646841600,28,10-3-2022
1646928000,22,11-3-2022
1647014400,22,12-3-2022
1647100800,21,13-3-2022
1647187200,23,14-3-2022
1647273600,21,15-3-2022
1647360000,24,16-3-2022
1647446400,27,17-3-2022
1647532800,25,18-3-2022
1647619200,28,19-3-2022
1647705600,31,20-3-2022
1647792000,30,21-3-2022
1647878400,26,22-3-2022
1647964800,31,23-3-2022
1648051200,40,24-3-2022
1648137600,47,25-3-2022
1648224000,51,26-3-2022
1648310400,49,27-3-2022
1648396800,60,28-3-2022
1648483200,56,29-3-2022
1648569600,55,30-3-2022
1648656000,52,31-3-2022
1648742400,50,1-4-2022
1648828800,52,2-4-2022
1648915200,48,3-4-2022
1649001600,52,4-4-2022
1649088000,53,5-4-2022
1649174400,48,6-4-2022
1649260800,34,7-4-2022
1649347200,37,8-4-2022
1649433600,30,9-4-2022
1649520000,34,10-4-2022
1649606400,32,11-4-2022
1649692800,20,12-4-2022
1649779200,25,13-4-2022
1649865600,28,14-4-2022
1649952000,22,15-4-2022
1650038400,28,16-4-2022
1650124800,28,17-4-2022
1650211200,24,18-4-2022
1650297600,27,19-4-2022
1650384000,27,20-4-2022
1650470400,27,21-4-2022
1650556800,26,22-4-2022
1650643200,24,23-4-2022
1650729600,24,24-4-2022
1650816000,23,25-4-2022
1650902400,27,26-4-2022
1650988800,21,27-4-2022
1651075200,24,28-4-2022
1651161600,23,29-4-2022
1651248000,20,30-4-2022
1651334400,22,1-5-2022
1651420800,28,2-5-2022
1651507200,27,3-5-2022
1651593600,21,4-5-2022
1651680000,27,5-5-2022
1651766400,22,6-5-2022
1651852800,23,7-5-2022
1651939200,18,8-5-2022
1652025600,11,9-5-2022
1652112000,10,10-5-2022
1652198400,12,11-5-2022
1652284800,12,12-5-2022
1652371200,10,13-5-2022
1652457600,9,14-5-2022
1652544000,10,15-5-2022
1652630400,14,16-5-2022
1652716800,8,17-5-2022
1652803200,12,18-5-2022
1652889600,13,19-5-2022
1652976000,13,20-5-2022
1653062400,13,21-5-2022
1653148800,14,22-5-2022
1653235200,10,23-5-2022
1653321600,12,24-5-2022
1653408000,11,25-5-2022
1653494400,12,26-5-2022
1653580800,12,27-5-2022
1653667200,13,28-5-2022
1653753600,14,29-5-2022
1653840000,10,30-5-2022
1653926400,16,31-5-2022
1654012800,17,1-6-2022
1654099200,13,2-6-2022
1654185600,10,3-6-2022
1654272000,14,4-6-2022
1654358400,10,5-6-2022
1654444800,13,6-6-2022
1654531200,15,7-6-2022
1654617600,17,8-6-2022
1654704000,11,9-6-2022
1654790400,13,10-6-2022
1654876800,12,11-6-2022
1654963200,14,12-6-2022
1655049600,11,13-6-2022
1655136000,8,14-6-2022
1655222400,7,15-6-2022
1655308800,7,16-6-2022
1655395200,9,17-6-2022
1655481600,6,18-6-2022
1655568000,6,19-6-2022
1655654400,9,20-6-2022
1655740800,9,21-6-2022
1655827200,11,22-6-2022
1655913600,11,23-6-2022
1656000000,11,24-6-2022
1656086400,14,25-6-2022
1656172800,14,26-6-2022
1656259200,12,27-6-2022
1656345600,10,28-6-2022
1656432000,13,29-6-2022
1656518400,11,30-6-2022
1656604800,11,1-7-2022
1656691200,14,2-7-2022
1656777600,11,3-7-2022
1656864000,14,4-7-2022
1656950400,19,5-7-2022
1657036800,18,6-7-2022
1657123200,18,7-7-2022
1657209600,20,8-7-2022
1657296000,24,9-7-2022
1657382400,24,10-7-2022
1657468800,22,11-7-2022
1657555200,16,12-7-2022
1657641600,15,13-7-2022
1657728000,18,14-7-2022
1657814400,15,15-7-2022
1657900800,21,16-7-2022
1657987200,24,17-7-2022
1658073600,20,18-7-2022
1658160000,30,19-7-2022
1658246400,31,20-7-2022
1658332800,34,21-7-2022
1658419200,33,22-7-2022
1658505600,31,23-7-2022
1658592000,30,24-7-2022
1658678400,30,25-7-2022
1658764800,26,26-7-2022
1658851200,28,27-7-2022
1658937600,32,28-7-2022
1659024000,39,29-7-2022
1659110400,42,30-7-2022
1659196800,39,31-7-2022
1659283200,33,1-8-2022
1659369600,31,2-8-2022
1659456000,34,3-8-2022
1659542400,30,4-8-2022
1659628800,31,5-8-2022
1659715200,31,6-8-2022
1659801600,30,7-8-2022
1659888000,30,8-8-2022
1659974400,42,9-8-2022
1660060800,31,10-8-2022
1660147200,41,11-8-2022
1660233600,42,12-8-2022
1660320000,46,13-8-2022
1660406400,47,14-8-2022
1660492800,45,15-8-2022
1660579200,44,16-8-2022
1660665600,41,17-8-2022
1660752000,30,18-8-2022
1660838400,33,19-8-2022
1660924800,29,20-8-2022
1661011200,27,21-8-2022
1661097600,29,22-8-2022
1661184000,28,23-8-2022
1661270400,25,24-8-2022
1661356800,25,25-8-2022
1661443200,27,26-8-2022
1661529600,28,27-8-2022
1661616000,28,28-8-2022
1661702400,24,29-8-2022
1661788800,27,30-8-2022
1661875200,23,31-8-2022
1661961600,20,1-9-2022
1662048000,25,2-9-2022
1662134400,21,3-9-2022
1662220800,20,4-9-2022
1662307200,23,5-9-2022
1662393600,22,6-9-2022
1662480000,24,7-9-2022
1662566400,20,8-9-2022
1662652800,22,9-9-2022
1662739200,28,10-9-2022
1662825600,26,11-9-2022
1662912000,25,12-9-2022
1662998400,34,13-9-2022
1663084800,27,14-9-2022
1663171200,28,15-9-2022
1663257600,20,16-9-2022
1663344000,22,17-9-2022
1663430400,27,18-9-2022
1663516800,21,19-9-2022
1663603200,23,20-9-2022
1663689600,23,21-9-2022
1663776000,22,22-9-2022
1663862400,20,23-9-2022
1663948800,24,24-9-2022
1664035200,24,25-9-2022
1664121600,21,26-9-2022
1664208000,20,27-9-2022
1664294400,20,28-9-2022
1664380800,22,29-9-2022
1664467200,21,30-9-2022
1664553600,20,1-10-2022
1664640000,24,2-10-2022
1664726400,24,3-10-2022
1664812800,20,4-10-2022
1664899200,25,5-10-2022
1664985600,26,6-10-2022
1665072000,23,7-10-2022
1665158400,24,8-10-2022
1665244800,22,9-10-2022
1665331200,22,10-10-2022
1665417600,24,11-10-2022
1665504000,20,12-10-2022
1665590400,20,13-10-2022
1665676800,24,14-10-2022
1665763200,24,15-10-2022
1665849600,24,16-10-2022
1665936000,20,17-10-2022
1666022400,22,18-10-2022
1666108800,23,19-10-2022
1666195200,23,20-10-2022
1666281600,23,21-10-2022
1666368000,20,22-10-2022
1666454400,23,23-10-2022
1666540800,22,24-10-2022
1666627200,20,25-10-2022
1666713600,33,26-10-2022
1666800000,32,27-10-2022
1666886400,30,28-10-2022
1666972800,34,29-10-2022
1667059200,34,30-10-2022
1667145600,31,31-10-2022
1667232000,30,1-11-2022
1667318400,30,2-11-2022
1667404800,30,3-11-2022
1667491200,30,4-11-2022
1667577600,38,5-11-2022
1667664000,40,6-11-2022
1667750400,33,7-11-2022
1667836800,31,8-11-2022
1667923200,29,9-11-2022
1668009600,22,10-11-2022
1668096000,25,11-11-2022
1668182400,21,12-11-2022
1668268800,22,13-11-2022
1668355200,24,14-11-2022
1668441600,22,15-11-2022
1668528000,23,16-11-2022
1668614400,20,17-11-2022
1668700800,23,18-11-2022
1668787200,23,19-11-2022
1668873600,24,20-11-2022
1668960000,21,21-11-2022
1669046400,22,22-11-2022
1669132800,22,23-11-2022
1669219200,20,24-11-2022
1669305600,20,25-11-2022
1669392000,22,26-11-2022
1669478400,26,27-11-2022
1669564800,28,28-11-2022
1669651200,26,29-11-2022
1669737600,29,30-11-2022
1669824000,27,1-12-2022
1669910400,27,2-12-2022
1669996800,27,3-12-2022
1670083200,26,4-12-2022
1670169600,26,5-12-2022
1670256000,25,6-12-2022
1670342400,29,7-12-2022
1670428800,25,8-12-2022
1670515200,26,9-12-2022
1670601600,27,10-12-2022
1670688000,26,11-12-2022
1670774400,27,12-12-2022
1670860800,27,13-12-2022
1670947200,30,14-12-2022
1671033600,31,15-12-2022
1671120000,29,16-12-2022
1671206400,28,17-12-2022
1671292800,26,18-12-2022
1671379200,29,19-12-2022
1671465600,29,20-12-2022
1671552000,26,21-12-2022
1671638400,28,22-12-2022
1671724800,27,23-12-2022
1671811200,29,24-12-2022
1671897600,29,25-12-2022
1671984000,28,26-12-2022
1672070400,27,27-12-2022
1672156800,28,28-12-2022
1672243200,28,29-12-2022
1672329600,28,30-12-2022
1672416000,25,31-12-2022
1672502400,26,1-1-2023
1672588800,27,2-1-2023
1672675200,26,3-1-2023
1672761600,29,4-1-2023
1672848000,29,5-1-2023
1672934400,26,6-1-2023
1673020800,25,7-1-2023
1673107200,25,8-1-2023
1673193600,25,9-1-2023
1673280000,26,10-1-2023
1673366400,26,11-1-2023
1673452800,30,12-1-2023
1673539200,31,13-1-2023
1673625600,46,14-1-2023
1673712000,52,15-1-2023
1673798400,45,16-1-2023
1673884800,51,17-1-2023
1673971200,52,18-1-2023
1674057600,45,19-1-2023
1674144000,51,20-1-2023
1674230400,53,21-1-2023
1674316800,53,22-1-2023
1674403200,50,23-1-2023
1674489600,52,24-1-2023
1674576000,51,25-1-2023
1674662400,54,26-1-2023
1674748800,55,27-1-2023
1674835200,52,28-1-2023
1674921600,55,29-1-2023
1675008000,61,30-1-2023
1675094400,51,31-1-2023
1675180800,56,1-2-2023
1675267200,60,2-2-2023
1675353600,60,3-2-2023
1675440000,58,4-2-2023
1675526400,58,5-2-2023
1675612800,56,6-2-2023
1675699200,54,7-2-2023
1675785600,58,8-2-2023
1675872000,55,9-2-2023
1675958400,48,10-2-2023
1676044800,49,11-2-2023
1676131200,50,12-2-2023
1676217600,48,13-2-2023
1676304000,50,14-2-2023
1676390400,53,15-2-2023
1676476800,62,16-2-2023
1676563200,61,17-2-2023
1676649600,60,18-2-2023
1676736000,60,19-2-2023
1676822400,58,20-2-2023
1676908800,60,21-2-2023
1676995200,59,22-2-2023
1677081600,56,23-2-2023
1677168000,53,24-2-2023
1677254400,52,25-2-2023
1677340800,51,26-2-2023
1677427200,50,27-2-2023
1677513600,53,28-2-2023
1677600000,50,1-3-2023
1677686400,51,2-3-2023
1677772800,50,3-3-2023
1677859200,50,4-3-2023
1677945600,47,5-3-2023
1678032000,48,6-3-2023
1678118400,49,7-3-2023
1678204800,50,8-3-2023
1678291200,44,9-3-2023
1678377600,34,10-3-2023
1678464000,33,11-3-2023
1678550400,33,12-3-2023
1678636800,49,13-3-2023
1678723200,56,14-3-2023
1678809600,50,15-3-2023
1678896000,52,16-3-2023
1678982400,51,17-3-2023
1679068800,64,18-3-2023
1679155200,63,19-3-2023
1679241600,66,20-3-2023
1679328000,68,21-3-2023
1679414400,62,22-3-2023
1679500800,57,23-3-2023
1679587200,61,24-3-2023
1679673600,64,25-3-2023
1679760000,64,26-3-2023
1679846400,64,27-3-2023
1679932800,59,28-3-2023
1680019200,57,29-3-2023
1680105600,60,30-3-2023
1680192000,63,31-3-2023
1680278400,61,1-4-2023
1680364800,63,2-4-2023
1680451200,63,3-4-2023
1680537600,62,4-4-2023
1680624000,62,5-4-2023
1680710400,63,6-4-2023
1680796800,64,7-4-2023
1680883200,61,8-4-2023
1680969600,61,9-4-2023
1681056000,62,10-4-2023
1681142400,68,11-4-2023
1681228800,65,12-4-2023
1681315200,61,13-4-2023
1681401600,68,14-4-2023
1681488000,68,15-4-2023
1681574400,68,16-4-2023
1681660800,69,17-4-2023
1681747200,58,18-4-2023
1681833600,63,19-4-2023
1681920000,52,20-4-2023
1682006400,50,21-4-2023
1682092800,53,22-4-2023
1682179200,56,23-4-2023
1682265600,53,24-4-2023
1682352000,53,25-4-2023
1682438400,56,26-4-2023
1682524800,59,27-4-2023
1682611200,64,28-4-2023
1682697600,64,29-4-2023
1682784000,60,30-4-2023
1682870400,63,1-5-2023
1682956800,55,2-5-2023
1683043200,64,3-5-2023
1683129600,64,4-5-2023
1683216000,61,5-5-2023
1683302400,60,6-5-2023
1683388800,64,7-5-2023
1683475200,60,8-5-2023
1683561600,51,9-5-2023
1683648000,52,10-5-2023
1683734400,52,11-5-2023
1683820800,49,12-5-2023
1683907200,48,13-5-2023
1683993600,48,14-5-2023
1684080000,50,15-5-2023
1684166400,54,16-5-2023
1684252800,50,17-5-2023
1684339200,51,18-5-2023
1684425600,48,19-5-2023
1684512000,48,20-5-2023
1684598400,52,21-5-2023
1684684800,49,22-5-2023
1684771200,50,23-5-2023
1684857600,50,24-5-2023
1684944000,51,25-5-2023
1685030400,49,26-5-2023
1685116800,48,27-5-2023
1685203200,50,28-5-2023
1685289600,52,29-5-2023
1685376000,51,30-5-2023
1685462400,51,31-5-2023
1685548800,52,1-6-2023
1685635200,50,2-6-2023
1685721600,53,3-6-2023
1685808000,52,4-6-2023
1685894400,53,5-6-2023
1685980800,44,6-6-2023
1686067200,53,7-6-2023
1686153600,50,8-6-2023
1686240000,50,9-6-2023
1686326400,49,10-6-2023
1686412800,47,11-6-2023
1686499200,47,12-6-2023
1686585600,45,13-6-2023
1686672000,46,14-6-2023
1686758400,41,15-6-2023
1686844800,47,16-6-2023
1686931200,47,17-6-2023
1687017600,49,18-6-2023
1687104000,47,19-6-2023
1687190400,49,20-6-2023
1687276800,59,21-6-2023
1687363200,65,22-6-2023
1687449600,65,23-6-2023
1687536000,62,24-6-2023
1687622400,64,25-6-2023
1687708800,55,26-6-2023
1687795200,59,27-6-2023
1687881600,62,28-6-2023
1687968000,54,29-6-2023
1688054400,56,30-6-2023
1688140800,59,1-7-2023
1688227200,63,2-7-2023
1688313600,62,3-7-2023
1688400000,64,4-7-2023
1688486400,61,5-7-2023
1688572800,56,6-7-2023
1688659200,55,7-7-2023
1688745600,58,8-7-2023
1688832000,55,9-7-2023
1688918400,56,10-7-2023
1689004800,57,11-7-2023
1689091200,64,12-7-2023
1689177600,57,13-7-2023
1689264000,60,14-7-2023
1689350400,56,15-7-2023
1689436800,57,16-7-2023
1689523200,54,17-7-2023
1689609600,56,18-7-2023
1689696000,50,19-7-2023
1689782400,56,20-7-2023
1689868800,50,21-7-2023
1689955200,52,22-7-2023
1690041600,54,23-7-2023
1690128000,55,24-7-2023
1690214400,50,25-7-2023
1690300800,51,26-7-2023
1690387200,51,27-7-2023
1690473600,52,28-7-2023
1690560000,52,29-7-2023
1690646400,52,30-7-2023
1690732800,50,31-7-2023
1690819200,53,1-8-2023
1690905600,53,2-8-2023
1690992000,52,3-8-2023
1691078400,54,4-8-2023
1691164800,50,5-8-2023
1691251200,49,6-8-2023
1691337600,49,7-8-2023
1691424000,54,8-8-2023
1691510400,50,9-8-2023
1691596800,53,10-8-2023
1691683200,51,11-8-2023
1691769600,54,12-8-2023
1691856000,54,13-8-2023
1691942400,50,14-8-2023
1692028800,53,15-8-2023
1692115200,52,16-8-2023
1692201600,50,17-8-2023
1692288000,37,18-8-2023
1692374400,39,19-8-2023
1692460800,37,20-8-2023
1692547200,38,21-8-2023
1692633600,37,22-8-2023
1692720000,37,23-8-2023
1692806400,41,24-8-2023
